--IOqc-XgYo_000000.mp4,playing piano
-X2YkS4G4dg_000003.mp4,tap dancing
-cKVrbxrDcU_000024.mp4,air conditioning noise
-ApKgZOHx3o_000158.mp4,people eating crisps
-KpXEoL4rW8_000011.mp4,coyote howling
-RZrKy8WEng_000030.mp4,"engine accelerating, revving, vroom"
-bW55o5ZfEg_000030.mp4,female singing
-JUBdOr8Hes_000030.mp4,playing accordion
-KqXcm-I2zY_000162.mp4,playing tennis
-HLpz_jAcGs_000481.mp4,plastic bottle crushing
--SvivLlKLU_000662.mp4,airplane
-1B4--7U1xY_000002.mp4,"vehicle horn, car horn, honking"
-ArvKFeOHQs_000023.mp4,playing timpani
-gGig7u9o2c_000163.mp4,"playing steel guitar, slide guitar"
-6EzbBAmvjA_000030.mp4,female singing
-7-qu1Ma5T4_000002.mp4,elephant trumpeting
-i25riuPgjc_000030.mp4,child singing
-3-4qmWSJXU_000030.mp4,thunder
-aVOTtH7jZo_000000.mp4,people screaming
-P53lJ1ViWk_000030.mp4,driving buses
-3WQytGKbrA_000028.mp4,playing didgeridoo
-3PdsZqxOwA_000040.mp4,people farting
-hSwZyPPJTc_000075.mp4,fox barking
-bxu7eXtSaE_000094.mp4,lawn mowing
-QYcCxdc5gM_000030.mp4,playing acoustic guitar
-By6I234TSs_000010.mp4,playing synthesizer
-5qzWUgsszA_000540.mp4,fireworks banging
-dGjMmDLqUk_000030.mp4,stream burbling
-kPDH9n0PG4_000310.mp4,"railroad car, train wagon"
-gKy8P-N5aY_000070.mp4,"bird chirping, tweeting"
-R2JRLt3xjc_000585.mp4,playing snare drum
-Ur-eX5Hnww_000030.mp4,playing bass guitar
-H9TUxVr-e8_000227.mp4,"playing steel guitar, slide guitar"
-5VoaeTlokE_000107.mp4,yodelling
-KrDQXnlXRw_000010.mp4,toilet flushing
--SvivLlKLU_000137.mp4,airplane
-lWJgyAa4Tc_000090.mp4,driving motorcycle
-1qyr-IzqKY_000060.mp4,playing accordion
-N0qJZkizOw_000030.mp4,"male speech, man speaking"
-A1o1Egi20c_000060.mp4,church bell ringing
-iF4a6f5PJ8_000060.mp4,pheasant crowing
--PlJNEnf-s_000288.mp4,"bee, wasp, etc. buzzing"
-PN3OIo-oT4_000056.mp4,ambulance siren
-YpovYcGB4I_000012.mp4,cat meowing
-PvlrLjIAYo_000009.mp4,parrot talking
-e2_-npbIQg_000080.mp4,people hiccup
-fuhtk0F6Ww_000002.mp4,elephant trumpeting
-EOHzvnHYPE_000200.mp4,playing trumpet
-aX2jS2mjhw_000001.mp4,footsteps on snow
-hNChOqVjgY_000068.mp4,otter growling
-HmWDdmTAE8_000065.mp4,firing cannon
-DvBRaivb3g_000056.mp4,striking pool
-1KVzbdvkdg_000054.mp4,playing bagpipes
-c-39Bten_E_000821.mp4,playing double bass
-8jIrsdD8CM_000002.mp4,playing djembe
-drfe7nm88k_000030.mp4,playing harp
--Q8wkZvDZE_000150.mp4,people whispering
-1UP2kG24nM_000050.mp4,"rowboat, canoe, kayak rowing"
-Qo6QJo_tJA_000030.mp4,"female speech, woman speaking"
-3tuTtK-PyA_000111.mp4,playing sitar
-ZRub1poH_I_000070.mp4,cat meowing
-VS-TWu5FDI_000003.mp4,dog whimpering
-_f_ClsDxyc_000080.mp4,playing clarinet
-Ls9TLd17DY_000030.mp4,"male speech, man speaking"
-32IrasDuMg_000000.mp4,people sobbing
-PbMtqEwVJg_000979.mp4,lip smacking
-XUtUwhOehU_000065.mp4,cricket chirping
-cGxEhd3A-Y_000042.mp4,people eating apple
-T06kz4MI20_000030.mp4,female singing
-0lrq0dgfnQ_000015.mp4,chimpanzee pant-hooting
-D9HD2eetiQ_000012.mp4,playing harpsichord
-Zy1XMM_6x8_000220.mp4,firing muskets
-ibJ1mubE68_000320.mp4,lions growling
-GAtUjgJpEA_000716.mp4,playing bass drum
-2LovF10IwM_000282.mp4,ice cracking
-i-7UK5k2ws_000124.mp4,gibbon howling
-RO4IF8Qv3c_000369.mp4,playing darts
-2JomCd5zzY_000287.mp4,child singing
-BlHH8Gi9hc_000022.mp4,playing saxophone
-XxzXTUaZug_000077.mp4,running electric fan
-ECRgvDx4xc_000030.mp4,playing banjo
-TuA6o40QhY_000959.mp4,people marching
-M8qt69nljE_000030.mp4,turkey gobbling
-6EMRv8oxXo_000030.mp4,"playing marimba, xylophone"
-SkaeD74V8Y_000030.mp4,helicopter
-HJQVouJd2w_000026.mp4,"pigeon, dove cooing"
-B7_MCn_xQo_000288.mp4,turkey gobbling
-Jcl3FrHFCc_000151.mp4,airplane flyby
-Y1HRPP7-eE_000374.mp4,strike lighter
-TUZB1d9ofA_000231.mp4,airplane
-ktcAshzoec_000064.mp4,cat purring
-NI_CnVFhJ4_000030.mp4,playing bass guitar
-BXq35CKegE_000070.mp4,"playing marimba, xylophone"
-HG3Omg_89c_000030.mp4,"motorboat, speedboat acceleration"
-CCbu3r-1pc_000030.mp4,child singing
-30UVzI7M1Y_000002.mp4,dog whimpering
-TCDqe327us_000030.mp4,"female speech, woman speaking"
-hJ1YTZ5AGI_000030.mp4,male singing
-Tffs838qbA_000219.mp4,people eating noodle
-hHKOH7G7xI_000064.mp4,people booing
-gpG6rf7yaM_000121.mp4,playing theremin
-_vn-EEFmjw_000015.mp4,car engine knocking
-KU3bz04704_000012.mp4,tornado roaring
-OwoOIYsIXY_000170.mp4,playing drum kit
-ag2m3fHOzs_000010.mp4,"bird chirping, tweeting"
-3KiSKjtdXs_000044.mp4,people eating noodle
-XU4IWPlqOA_000460.mp4,"female speech, woman speaking"
-1GJQ3c94jQ_000097.mp4,cat growling
-BOgoqt2eZ0_000233.mp4,playing sitar
-4c4jzE5y_c_000005.mp4,horse neighing
-_ftZ-yvxCI_000105.mp4,people sniggering
--Z4X0SQxBc_000290.mp4,people clapping
-0zIOEW3mM4_000016.mp4,pheasant crowing
-W9ZCx9t_8s_000030.mp4,goose honking
-T9mK2krm2w_000030.mp4,dog bow-wow
-cKVrbxrDcU_000009.mp4,air conditioning noise
-YX_rSjCexE_000414.mp4,people eating noodle
-SPKve6eri0_000000.mp4,machine gun shooting
-NjgcJdUULY_000162.mp4,people eating noodle
-Kc9P729mqM_000030.mp4,female singing
-bzPpAdXkOU_000341.mp4,playing harp
-BmjFZ1xu5Q_000263.mp4,disc scratching
-QLjhPImocQ_000110.mp4,sloshing water
-CvYwNYacwE_000035.mp4,playing cornet
-3YMCZ2AWW0_000030.mp4,waterfall burbling
-ERNqGf249g_000346.mp4,sharpen knife
-Gq9GTPeFow_000020.mp4,car engine knocking
-03N_1zOM4E_000337.mp4,playing table tennis
-UoTV5by38k_000050.mp4,helicopter
-D-CZGmjmYE_000000.mp4,people marching
-LhdkjK8p1c_000030.mp4,playing saxophone
-eIobtpEHOM_000030.mp4,male singing
-KdBaGgzf4w_000070.mp4,airplane flyby
-DVM0BK_h5A_000030.mp4,chainsawing trees
-gVYT75KBOU_000004.mp4,extending ladders
-DrBMUxE9eM_000058.mp4,people screaming
-LAs_jk-2O8_000231.mp4,playing bass drum
--TKJIv9aY4_000210.mp4,ambulance siren
-aYumc8KoXg_000060.mp4,"vehicle horn, car horn, honking"
-5EM5-7njeE_000353.mp4,singing bowl
-b_CaC9S5PY_000012.mp4,playing badminton
-V1FhPpoTSU_000030.mp4,playing bass guitar
-jFSYIHh6zc_000030.mp4,dog whimpering
-VRA-PoenD8_000082.mp4,playing harp
-hChcJAh5N0_000030.mp4,"male speech, man speaking"
-jSirHVQAOk_000369.mp4,scuba diving
-MESuxzl6h0_000000.mp4,playing double bass
-lETtaOHuJQ_000030.mp4,playing clarinet
-ag9OCw9PUM_000030.mp4,"engine accelerating, revving, vroom"
-8RduCMIJG0_000212.mp4,playing tabla
-2PCw_b6c2k_000116.mp4,playing timpani
-g3EEqvvZro_000156.mp4,people slapping
-R7YU8bHwBg_000020.mp4,playing piano
-YF84xCwVFY_000102.mp4,sea waves
-4-rtJzyJ1g_000030.mp4,"male speech, man speaking"
-dDVO4233eM_000152.mp4,dog growling
--R3QLObQ5I_000319.mp4,metronome
-I2wwE7WFOU_000024.mp4,cat meowing
-QtmH0nkTGM_000030.mp4,"engine accelerating, revving, vroom"
-inB65exXFU_000030.mp4,firing cannon
-l-E3kyNcag_000150.mp4,playing french horn
-7fmTe_u85c_000015.mp4,"cattle, bovinae cowbell"
-Q4NcG85xPo_000100.mp4,lathe spinning
-UtXwhu8iyA_000030.mp4,wind rustling leaves
-Ji1q_xJu9Y_000074.mp4,typing on typewriter
-3hbLaC4bSs_000002.mp4,people marching
-NCa3eFLULw_000221.mp4,dinosaurs bellowing
-ZuyYHzG7Sc_000591.mp4,people slurping
-GlZ819IHfE_000071.mp4,chopping food
-2Mt0URu_Xo_000247.mp4,playing table tennis
-C8JU6yTJ40_000008.mp4,penguins braying
-HhLQTm8yTg_000287.mp4,playing tabla
-hFKtlIe2O4_000047.mp4,people booing
-5Zh8Ab4KX4_000006.mp4,"child speech, kid speaking"
-YLfpt9BnCM_000648.mp4,splashing water
-Wx7UjNi3uU_000000.mp4,playing bagpipes
-e21Kzh-dEU_000198.mp4,playing trombone
-ej17LDVOJc_000022.mp4,cat meowing
-Stm1mHROCY_000110.mp4,"female speech, woman speaking"
-Vzs7fglTx4_000279.mp4,skateboarding
-CEfebOUFQo_000435.mp4,people shuffling
-eSomY6i3_A_000030.mp4,"male speech, man speaking"
-YGyhkTItRo_000189.mp4,"subway, metro, underground"
-hdGrmVCYeI_000072.mp4,playing erhu
-2uGOpRwYzc_000002.mp4,playing french horn
-Eh08eOvY7w_000100.mp4,yodelling
-LeUWYpsQaA_000073.mp4,people babbling
-2gf4GmIplE_000120.mp4,playing french horn
-kLMidJxTIk_000069.mp4,playing cymbal
-MbtbcZ2EGA_000030.mp4,skidding
-NT3v_AC1UY_000212.mp4,sharpen knife
-ZwsK36BzcY_000002.mp4,people whistling
-DHzLavApwc_000012.mp4,sliding door
-IirOhWxc98_000030.mp4,skidding
-8TFeaZyPcQ_000074.mp4,airplane flyby
-8p7pwxhob8_000000.mp4,playing harmonica
-e4wXAy1iVo_000000.mp4,playing ukulele
-bphV2LJ19k_000020.mp4,playing glockenspiel
-RNuOefO5-M_000030.mp4,playing cymbal
-PP5Hx17amY_000100.mp4,playing flute
-ArvKFeOHQs_000039.mp4,playing timpani
-0KPtvNQwSU_000188.mp4,playing squash
-1LGZONdjkY_000064.mp4,playing trumpet
-jDBYlm_7b4_000015.mp4,male singing
-ghVFtymYk8_000001.mp4,owl hooting
-BGebo8V4XY_000000.mp4,driving motorcycle
-CS4JTdytGw_000030.mp4,pig oinking
-SUMymLXgrA_000020.mp4,goose honking
-ThiuDnVGMU_000041.mp4,playing harp
-WNKAkNxmUs_000123.mp4,bouncing on trampoline
-C-EGagVRfc_000001.mp4,fire truck siren
-YZ5bDlUlug_000030.mp4,"male speech, man speaking"
-FkTCBKMl_8_000000.mp4,pumping water
-4GGG_1IqE4_000211.mp4,playing bongo
-EMzpd-abxE_000030.mp4,"female speech, woman speaking"
-QYZPKI0R-I_000021.mp4,police car (siren)
-dJIro7WeqQ_000010.mp4,bird wings flapping
-cA9HsnV1ao_000030.mp4,hair dryer drying
-dXIscrWr_c_000090.mp4,cattle mooing
-ZbSjOGb_sA_000210.mp4,"bird chirping, tweeting"
-ikykIPGGFE_000047.mp4,people giggling
-fGFQTGd2nA_000010.mp4,ambulance siren
-T1RU8oThuQ_000030.mp4,skidding
-XnKmrJARpU_000020.mp4,playing harp
-SZIgJCerwI_000008.mp4,"motorboat, speedboat acceleration"
-L0ZAGOuaqg_000042.mp4,firing cannon
-Olo0LxN36c_000340.mp4,people eating noodle
-ORyFN4frM0_000070.mp4,cap gun shooting
-Kx8MpPmRu8_000030.mp4,male singing
-4ObGigN498_000050.mp4,lions growling
-W5PlHBxANI_000086.mp4,"cattle, bovinae cowbell"
-_BH-TPpLWk_000083.mp4,church bell ringing
-YId2vYpp8w_000173.mp4,playing timbales
-BAKe6QGTUk_000030.mp4,playing vibraphone
-4k2KQXBucU_000200.mp4,"race car, auto racing"
-HURo9pIyM0_000083.mp4,people booing
-XCPq6aHhIg_000128.mp4,people battle cry
-C66I4YOr4o_000270.mp4,playing piano
-Tok_g_jgE0_000268.mp4,rope skipping
-QFRFmDqmpg_000039.mp4,playing steelpan
-Aqjx8NLZuU_000070.mp4,wind noise
-UJjKecbIKU_000030.mp4,male singing
-Ne51BFpF9M_000010.mp4,people clapping
-DnZ_ZY3lgA_000160.mp4,playing timpani
-ZobEDvRtD8_000035.mp4,tapping guitar
-cFtW3vHaE8_000229.mp4,lathe spinning
-Dqi6nNtnWI_000060.mp4,playing accordion
-_JM1Bzvc1Y_000059.mp4,people burping
-WMZUwiLsok_000030.mp4,"motorboat, speedboat acceleration"
-AJ-i44WlRc_000273.mp4,people finger snapping
-Zd-ZSnZ3so_000159.mp4,playing banjo
-WwAxd-BBrs_000000.mp4,driving motorcycle
-ZdnG3YWfv0_000010.mp4,playing french horn
-bKaLPl3Uos_000030.mp4,car passing by
-R2JRLt3xjc_000144.mp4,playing snare drum
-LJ7zQtPCd4_000024.mp4,"ice cream truck, ice cream van"
-dKiaWqUJf0_000030.mp4,playing flute
-M8qt69nljE_000059.mp4,turkey gobbling
-OVz2x3K4OY_000030.mp4,people running
-_Ayj06VeIk_000010.mp4,"race car, auto racing"
-XYtqnotn14_000007.mp4,people marching
-ORQcjYFpy0_000000.mp4,dog growling
-GnKRy1-NFo_000150.mp4,chainsawing trees
-DrSYwxg_eM_000030.mp4,waterfall burbling
-LrNmB50-nA_000030.mp4,playing acoustic guitar
-gDle2Yu0GA_000020.mp4,car engine knocking
-JZTO8CDIc4_000114.mp4,cat purring
-N00SskHxS4_000529.mp4,playing bugle
-OXCCrp2Dm8_000014.mp4,car engine starting
-MtYMG8dmq4_000098.mp4,rope skipping
-fz6omiAhZ8_000040.mp4,"vehicle horn, car horn, honking"
-F6GfPwjLWo_000030.mp4,toilet flushing
-k1EpaXLXSQ_000058.mp4,cap gun shooting
-JUhUI_KvUI_000026.mp4,gibbon howling
-NlT-ELVWk0_000081.mp4,child singing
-DXYTmYqglE_000030.mp4,"male speech, man speaking"
-YPVqhA19EU_000030.mp4,people whispering
-Va6UCHNXzs_000250.mp4,wind chime
-V-3H5lOA2k_000030.mp4,lawn mowing
-AltV1ftMk8_000170.mp4,people clapping
-PlQ-d2PplI_000030.mp4,playing electric guitar
-ZT5ozXg1AI_000010.mp4,"race car, auto racing"
-7gEDLZGR_A_000741.mp4,singing bowl
-amYPD7RUYA_000060.mp4,"bee, wasp, etc. buzzing"
-GDboyrJvbY_000010.mp4,train whistling
-gQH2hH9TNc_000281.mp4,playing vibraphone
-D2SxTNIZic_000132.mp4,playing electronic organ
-TPbVw6Qm8M_000003.mp4,elephant trumpeting
-HcXpijfhKk_000250.mp4,singing choir
-32HIdBGdjo_000066.mp4,"vehicle horn, car horn, honking"
--CC5pH97q4_000004.mp4,foghorn
-hH8KE6-1pU_000142.mp4,playing oboe
-QIKyCQAFkQ_000030.mp4,playing acoustic guitar
-5U3hgjXAIE_000030.mp4,singing choir
-cFbJ160-hA_000030.mp4,playing flute
-GzpZMuZd7s_000076.mp4,slot machine
-37X0bRVT0g_000032.mp4,fox barking
-_Oh2h4KoDQ_000153.mp4,playing trombone
-JNQvOgTaG0_000120.mp4,sharpen knife
-JK1_tIi0tI_000297.mp4,playing double bass
-Up5fppwFF0_000000.mp4,hedge trimmer running
-dGkAZOk0UQ_000038.mp4,dog growling
-OKWQGh34kw_000135.mp4,playing bass guitar
-eXjKuJB9ug_000166.mp4,playing harpsichord
-X-YXdnHG1g_000050.mp4,child singing
-azIDjC361w_000030.mp4,"playing marimba, xylophone"
-hzQtnz2GuE_000213.mp4,train horning
-BfXVjsdZV4_000030.mp4,female singing
-CexapzRAPQ_000079.mp4,ferret dooking
-Mk24ZH_zxg_000347.mp4,"alligators, crocodiles hissing"
-kLMidJxTIk_000030.mp4,playing cymbal
-eGRkCigDlo_000232.mp4,playing bassoon
-E-5957s3RU_000030.mp4,playing electric guitar
-Yep0TGjWmc_000140.mp4,"subway, metro, underground"
-1pHg-ZVssE_000030.mp4,female singing
-JqNYOtySQo_000544.mp4,singing bowl
-hedbpc8T0E_000030.mp4,people babbling
-0WfESRV74k_000000.mp4,raining
-8LHHoJnR3c_000037.mp4,civil defense siren
-b_KQILukFU_000030.mp4,child singing
-jSqtRVLiHg_000322.mp4,singing bowl
-bBaZT4tEko_000767.mp4,playing cornet
-SVAxE4CRhA_000145.mp4,train whistling
-OLmAqxvqC0_000160.mp4,machine gun shooting
-SJA7ERoyT4_000024.mp4,playing trombone
-WfBpEg00XM_000437.mp4,people slurping
-ANEfdF_vzE_000122.mp4,"cattle, bovinae cowbell"
-hoCxD2csRI_000030.mp4,waterfall burbling
-d6AgTYFgIE_000030.mp4,playing acoustic guitar
-E7V7enQN88_000030.mp4,people sniggering
-RGUSEnACXc_000242.mp4,playing clarinet
-Iu7PYlNUyI_000136.mp4,typing on typewriter
-LNnU-P2SeQ_000122.mp4,playing washboard
-IBtBeR6B00_000000.mp4,"race car, auto racing"
-hh0fEaKPXM_000030.mp4,"female speech, woman speaking"
-Fyb0KlZxOc_000090.mp4,people cheering
-SlL0NZh51w_000020.mp4,"engine accelerating, revving, vroom"
-YpJ_8VuGIc_000000.mp4,playing bass guitar
-6R3wpks5Jg_000000.mp4,playing ukulele
-0UQF2s0VYI_000000.mp4,horse neighing
-RFnpWg3ETc_000030.mp4,playing trombone
-XykdLVnaZE_000034.mp4,people battle cry
-hWRLlRjetY_000010.mp4,eating with cutlery
-PQLbdILaSU_000180.mp4,arc welding
-HxQ9AoyRmY_000030.mp4,chicken clucking
-8R5UEs-grg_000038.mp4,planing timber
-_1nYnffOkM_000013.mp4,people battle cry
-CGkSDY0mWI_000096.mp4,plastic bottle crushing
-hGa7A7I-SQ_000100.mp4,skidding
-bivUMylF6Q_000320.mp4,"railroad car, train wagon"
-fAVezaAX18_000126.mp4,playing drum kit
-NqBTK7nqUs_000040.mp4,frog croaking
-Lh900sOUwI_000030.mp4,playing electric guitar
-0SQayvXyIQ_000110.mp4,"male speech, man speaking"
-WqFdMzjHWU_000106.mp4,sharpen knife
-dL8Vi7gPWg_000000.mp4,helicopter
-0MDgdtkV0k_000010.mp4,police radio chatter
-aQDI85itmg_000030.mp4,wind noise
-lPXTBXa0tE_000030.mp4,tapping guitar
-UTm_pQcWDA_000040.mp4,playing flute
-1PkCejU5u8_000370.mp4,people crowd
-FO_ycUHLa8_000036.mp4,telephone bell ringing
-BdSCcmJKJk_001035.mp4,lip smacking
-jZav58HEOw_000050.mp4,people coughing
-VTAtBy_jiI_000040.mp4,helicopter
-OsJD76IoWU_000030.mp4,playing cello
-PljzzluWNw_000030.mp4,playing banjo
-Y8sJDoL1YA_000015.mp4,playing gong
-E3mf_Ks2As_000000.mp4,cow lowing
-e-68LOpw8k_000160.mp4,playing accordion
-2xn5g7sfrU_000044.mp4,basketball bounce
-WixpONKM1A_000110.mp4,playing cello
-kn_8vUT0eI_000308.mp4,playing timpani
-9k2Z_hxYpU_000130.mp4,helicopter
-l303vjbvtY_000020.mp4,people sneezing
-1P74acOb3c_000050.mp4,playing banjo
-BtGg42-ZVE_000022.mp4,roller coaster running
-7TdbBZOFC0_000214.mp4,playing synthesizer
-5pcv3sZHEE_000003.mp4,opening or closing car doors
-8jceoAMDoI_000186.mp4,playing harpsichord
-I2aGtZRT9M_000081.mp4,playing tennis
-MuIRudOtxw_000030.mp4,people screaming
-1vr3JMt_tc_000249.mp4,playing trombone
-BFmitXDvaU_000150.mp4,using sewing machines
-i3aS9ygcNM_000030.mp4,playing electric guitar
-QMzUFcZM7w_000030.mp4,playing flute
-2pb2WUxF5Q_000050.mp4,police radio chatter
-kWlE2dkoxc_000170.mp4,vacuum cleaner cleaning floors
-kIcMJrkNKo_000069.mp4,dog whimpering
-I_BmSTd6AA_000002.mp4,skiing
-DvBRaivb3g_000179.mp4,striking pool
-XIeLSecHSk_000584.mp4,playing volleyball
-f15fxSv3uw_000054.mp4,chainsawing trees
-Jk8qvmCfAA_000030.mp4,"railroad car, train wagon"
-QDkHHg5U2s_000120.mp4,driving motorcycle
-_4pavKENfE_000030.mp4,car passing by
-KdBaGgzf4w_000027.mp4,airplane flyby
-XdqpVHyALI_000100.mp4,wood thrush calling
-0u9E3dETG0_000199.mp4,"bee, wasp, etc. buzzing"
-DtbwmWBRyc_000112.mp4,car engine idling
-9ywcjOQsFc_000058.mp4,airplane flyby
-Cr0WQoFQQs_000045.mp4,elk bugling
-8JBa54NFpU_000030.mp4,playing acoustic guitar
-JGpAlLrSD0_000458.mp4,train whistling
-7tYmeOmsRg_000180.mp4,people eating crisps
-_S0oXOlgzA_000030.mp4,playing acoustic guitar
-fU6g_dGmAU_000030.mp4,"vehicle horn, car horn, honking"
-LMCI_EBJvc_000409.mp4,playing harmonica
-UxUAolRV-g_000032.mp4,ambulance siren
-GymV9gkAHE_000100.mp4,train wheels squealing
-2fGMsiNgl8_000052.mp4,bowling impact
-0lrq0dgfnQ_000026.mp4,chimpanzee pant-hooting
-ctJ8Ot7EgU_000018.mp4,cricket chirping
-L_t4Efb6oo_000030.mp4,"female speech, woman speaking"
-VyLmfnIc5Q_000162.mp4,driving snowmobile
-Qowmc0P9ic_000034.mp4,playing bass drum
-3GsMfOpuRM_000145.mp4,tapping guitar
-dNrObuUlgo_000911.mp4,"female speech, woman speaking"
-7-OBu1n4ng_000085.mp4,airplane
-3G6bE5PqIQ_000002.mp4,playing cymbal
-2OrscQ9MKw_000185.mp4,playing lacrosse
-OmCcH-KgPs_000093.mp4,playing mandolin
-7TdbBZOFC0_000048.mp4,playing synthesizer
-X-G_1Mg5Ag_000133.mp4,playing bugle
-gp5kXfvW5I_000340.mp4,chicken crowing
-G08iN_t2QQ_000030.mp4,playing acoustic guitar
-NwBdmVSg1w_000000.mp4,cat hissing
-Cta7QVe1hk_000030.mp4,female singing
-6AOy8GAMpM_000060.mp4,typing on computer keyboard
-2JomCd5zzY_000184.mp4,child singing
-AkYtnUbOVs_000090.mp4,ocean burbling
-2LHurwr5CQ_000095.mp4,"subway, metro, underground"
-ERNqGf249g_000153.mp4,sharpen knife
-7tgLpZ1frk_000094.mp4,beat boxing
-K28XZWiDeo_000030.mp4,"rowboat, canoe, kayak rowing"
-A-xb-P-WxQ_000030.mp4,"playing marimba, xylophone"
-hgY1aUQ8lY_000040.mp4,"railroad car, train wagon"
-3Kv4fdm7Uk_000030.mp4,playing steelpan
-4TJHvjsYrE_000030.mp4,playing flute
-Ka7IP4dd_k_000279.mp4,playing trombone
-6VFTlZsft4_000030.mp4,"male speech, man speaking"
-TvzE29y-9o_000011.mp4,eagle screaming
-jA7nRwQp_E_000030.mp4,orchestra
-kvCIiO039g_000097.mp4,yodelling
-HUcjhcskP4_000040.mp4,"railroad car, train wagon"
-IopFsEU_iE_000120.mp4,"railroad car, train wagon"
-IKnEo70_ZE_000113.mp4,playing harmonica
-YakLAKrO8c_000080.mp4,"child speech, kid speaking"
-9WhMNFBJpY_000030.mp4,playing drum kit
-g1q0GVBY7Y_000008.mp4,squishing water
-TIHtrygFsc_000132.mp4,elephant trumpeting
-UHM1NygnS0_000240.mp4,playing saxophone
-BdSCcmJKJk_000617.mp4,lip smacking
-Wm4-PI6U5o_000030.mp4,playing piano
-3hbLaC4bSs_000013.mp4,people marching
-CZHTNnapBE_000030.mp4,"male speech, man speaking"
-VjBE7IZ-70_000030.mp4,"female speech, woman speaking"
-d1lAtyWGrM_000007.mp4,lions roaring
-DcR0SPMJXs_000293.mp4,"heart sounds, heartbeat"
-G04QpzSpbU_000020.mp4,cat purring
-hch-89rAbc_000530.mp4,playing piano
-gk3LALyrZg_000040.mp4,baby crying
-jMGDLoDR48_000005.mp4,ambulance siren
-XGsWplBxsk_000014.mp4,skidding
-2poGMEmbbk_000109.mp4,using sewing machines
-kephM41AwA_000333.mp4,electric grinder grinding
-6E6POeGfzg_000240.mp4,"electric shaver, electric razor shaving"
-hH8ZYxn7zg_000010.mp4,"subway, metro, underground"
-H2Vh1rqO2A_000018.mp4,people sneezing
-Uuo0G76AoI_000049.mp4,pig oinking
-1BtY81-D54_000130.mp4,people battle cry
-3ADZZS5luA_000104.mp4,car engine starting
-Ij4uiLRp94_000020.mp4,"race car, auto racing"
-OWOqkUTjbE_000212.mp4,playing harpsichord
-8C-gydUbR8_000030.mp4,male singing
-VUjAKtpJeA_000024.mp4,"playing steel guitar, slide guitar"
-9vW9OhXx4Y_000000.mp4,playing ukulele
-LjKQZDyrCw_000090.mp4,playing bass guitar
-Vvs_Dq9E98_000324.mp4,playing badminton
-OAyRsvFGgc_000030.mp4,tapping guitar
-28cdRYzR4w_000086.mp4,child singing
-DHGwygUsQc_000030.mp4,skateboarding
-fyKVAZtl5Q_000233.mp4,playing glockenspiel
-cGxEhd3A-Y_000055.mp4,people eating apple
-TuA6o40QhY_000532.mp4,people marching
-AoYMl5ONpE_000019.mp4,francolin calling
-ORQcjYFpy0_000033.mp4,dog growling
-G4PtM_9GWY_000030.mp4,playing flute
-2toZf00LvI_000012.mp4,bowling impact
-Xu-MvAsSvo_000030.mp4,male singing
--xDffQ9Mwo_000030.mp4,car passing by
-gTHRUvyivk_000030.mp4,wind rustling leaves
-i_F2YC_y1Y_000198.mp4,playing erhu
-ZMb-QiqDJY_000101.mp4,playing cello
-_AQaV5AAMY_000214.mp4,lathe spinning
-fuhtk0F6Ww_000030.mp4,elephant trumpeting
-TPbVw6Qm8M_000015.mp4,elephant trumpeting
-eZuqeYlLDo_000045.mp4,hail
--SQyOb8eS0_000030.mp4,playing harp
-ahgvCmiECM_000030.mp4,machine gun shooting
-kDesTZ4m_M_000054.mp4,canary calling
-CvYwNYacwE_000007.mp4,playing cornet
-3Hi-atFiAw_000030.mp4,people shuffling
-PtFBEjE9xM_000250.mp4,lawn mowing
-U8ZGresQoo_000110.mp4,goose honking
-MIwX2AaUas_000158.mp4,chopping food
--UE437qBIo_000001.mp4,pheasant crowing
-TA4R3MoDSU_000000.mp4,"child speech, kid speaking"
-OS8Jk3z6j4_000000.mp4,playing hammond organ
-71Sh7BGYu8_000250.mp4,church bell ringing
-OQ3KFwzLCI_000474.mp4,lighting firecrackers
-NpIi1FoTXo_000030.mp4,playing piano
-SjeR8ETXXc_000021.mp4,male singing
-h5ZGw9Ci5c_000450.mp4,playing drum kit
-3Q5K1PO7ag_000080.mp4,bowling impact
-H8NodX280A_000310.mp4,playing synthesizer
-MaR9RbXywQ_000150.mp4,playing harp
-YOPnHIfQiA_000021.mp4,parrot talking
-MhRjqy2pZg_000127.mp4,cat hissing
-K-ccLMFE5M_000259.mp4,people marching
-ILeaRxsdgA_000030.mp4,"male speech, man speaking"
-OOLOgPZvvE_000010.mp4,"bird chirping, tweeting"
-AFASmp1fpk_000006.mp4,police car (siren)
-XykdLVnaZE_000019.mp4,people battle cry
-EexFpwt15A_000018.mp4,playing timbales
-Gt_QuXr_NQ_000030.mp4,playing electric guitar
-D19yRsucZ0_000030.mp4,child singing
-9GRE84DX2M_000030.mp4,playing acoustic guitar
-Yq_X_sKvYA_000270.mp4,tractor digging
-eK8oD3wmxw_000005.mp4,"bee, wasp, etc. buzzing"
-Xt6UdhSJd8_000030.mp4,"motorboat, speedboat acceleration"
-I3iXzsmvRE_000028.mp4,gibbon howling
-a-JbQrbxRA_000060.mp4,playing hammond organ
-HURLJm2ANE_000030.mp4,"female speech, woman speaking"
-Jsy9Ol7wWY_000090.mp4,skateboarding
-Sd-j0rKeKw_000030.mp4,dog whimpering
-MBivbS4-m8_000010.mp4,people cheering
-MoVy3-y-V4_000038.mp4,blowtorch igniting
-KWoQzfEzok_000090.mp4,chainsawing trees
-VSVE-CCMFM_000030.mp4,male singing
-1QUpHlvDM4_000000.mp4,chicken crowing
-_mqzXgg5eQ_000089.mp4,ripping paper
-b2QI8UA2ic_000019.mp4,playing volleyball
-VevyIayGM0_000000.mp4,playing volleyball
-NvDh4fMiWc_000030.mp4,"playing violin, fiddle"
-RKs4NoVRms_000030.mp4,people sneezing
-NA-UnuK1OY_000149.mp4,playing erhu
-8Nvvo3qM-A_000030.mp4,toilet flushing
-RGUSEnACXc_000030.mp4,playing clarinet
-4viN_EoxOA_000000.mp4,playing saxophone
-CJGj3-kNQY_000050.mp4,people cheering
-gf9aJq1s_A_000105.mp4,people humming
-MixYC7y5G8_000060.mp4,people gargling
-0qyuT918Jc_000075.mp4,planing timber
-PxHPtMJDkI_000017.mp4,dog howling
-jUL0jhWxXM_000069.mp4,slot machine
-1eOkp74EGU_000105.mp4,lighting firecrackers
-8RduCMIJG0_000193.mp4,playing tabla
-H2mnlftAYI_000262.mp4,playing mandolin
-7Y8Cmjdvuk_000020.mp4,dog bow-wow
-3iQfkOVi8g_000030.mp4,male singing
-jYeFv7ITO0_000000.mp4,bowling impact
-VfDCxsSq5k_000030.mp4,singing choir
-9kKj0fbhe0_000030.mp4,male singing
-EGv9SjbqXs_000030.mp4,sliding door
-4QuzXilXac_000030.mp4,playing hammond organ
-XOiPmQlXW8_000000.mp4,playing oboe
-eeHCs9RqiU_000060.mp4,sharpen knife
-d053iiT2Sc_000030.mp4,"motorboat, speedboat acceleration"
-3VDc0cjv_4_000000.mp4,mouse clicking
-hZbdQuRUw0_000030.mp4,playing trombone
-hy2DGtKLrs_000042.mp4,raining
-7TanrCbmME_000030.mp4,child singing
-F6whO1LVKc_000210.mp4,playing bagpipes
-WQdgLxb588_000004.mp4,pheasant crowing
-239HZbaZ0M_000030.mp4,singing choir
-D-CZGmjmYE_000010.mp4,people marching
-1iK6drewCE_000184.mp4,playing synthesizer
-gSfPQqi6nI_000030.mp4,cat meowing
-_obFUvJ83A_000008.mp4,chopping food
-NjgcJdUULY_000214.mp4,people eating noodle
-HAoExLVs6Q_000380.mp4,"railroad car, train wagon"
-8pdqGd0j5g_000271.mp4,singing choir
-jrOT-5qRsY_000240.mp4,"subway, metro, underground"
-L0WSTOUfAU_000182.mp4,playing volleyball
-l_0OVI9D28_000628.mp4,playing banjo
-LLWKg5fHJs_000030.mp4,playing cymbal
-B7_MCn_xQo_000168.mp4,turkey gobbling
-GbVgsMZ9U0_000292.mp4,lathe spinning
-28cdRYzR4w_000065.mp4,child singing
-_R1e0990i4_000040.mp4,arc welding
-8Zeh__mQWY_000127.mp4,playing ukulele
-3z5mFRgbxc_000030.mp4,driving buses
-Lmibx_Iu_E_000173.mp4,tractor digging
-DsLaGntv9s_000018.mp4,stream burbling
-OGq-n_9EYA_000039.mp4,car engine knocking
-9BmQiOdBjo_000062.mp4,people cheering
-XSb0qDoql0_000030.mp4,train horning
-gGig7u9o2c_000045.mp4,"playing steel guitar, slide guitar"
-OEwKu4H1FM_000004.mp4,cat purring
-4GGG_1IqE4_000239.mp4,playing bongo
-3YP7hGz7RI_000106.mp4,"ice cream truck, ice cream van"
-Qc-X5dh92k_000318.mp4,playing squash
-jwnFM4VqEU_000030.mp4,playing snare drum
-EFu7tP-QEk_000030.mp4,toilet flushing
-MAMeEiIYOo_000420.mp4,people clapping
-3yfGzvvYhw_000248.mp4,cell phone buzzing
-R_p6CzWFXc_000136.mp4,people booing
-ik3jiIikfA_000200.mp4,playing saxophone
-K5wu7h61EI_000170.mp4,"subway, metro, underground"
-gkXS0sCahM_000030.mp4,dog bow-wow
-8jIrsdD8CM_000094.mp4,playing djembe
-bI2-J8lyQY_000000.mp4,car engine knocking
-asB1JaTIy4_000030.mp4,driving buses
-_SlTgUHaYg_000070.mp4,playing bagpipes
-9vW9OhXx4Y_000050.mp4,playing ukulele
-Qs_Lc4pflI_000080.mp4,sliding door
-NrFtZ_xxFU_000030.mp4,"railroad car, train wagon"
-ZSgg6jFUd8_000688.mp4,people eating crisps
-aK9JKAGme0_000041.mp4,cheetah chirrup
-KBH8YmHR-0_000050.mp4,snake rattling
-C32AFtU9Ss_000030.mp4,fire truck siren
-XfecwwWE4E_000074.mp4,owl hooting
-3EwIFTR-Kk_000045.mp4,tap dancing
-KvL24FAfaA_000030.mp4,playing electric guitar
-6A2L1U9b5Y_000054.mp4,driving motorcycle
-KqXcm-I2zY_000087.mp4,playing tennis
-Ha8-q4iApM_000364.mp4,sharpen knife
-KwY9V7esWY_000050.mp4,"child speech, kid speaking"
-ALO3MhBCaI_000406.mp4,chopping food
-V-c__N8ByM_000075.mp4,train wheels squealing
-3suCV1UqMc_000102.mp4,sharpen knife
-lD6JjluyWU_000010.mp4,ambulance siren
-9wRxzJ5j_Y_000000.mp4,splashing water
-1EXhfqLLwQ_000150.mp4,pumping water
-JUFSGWFr_o_000360.mp4,people whispering
-XEe7af4gno_000030.mp4,male singing
-hzQtnz2GuE_000240.mp4,train horning
-QCxOCvV1sY_000170.mp4,playing cymbal
-VDS0mYeOYg_000030.mp4,skidding
-Az-P2YqdRU_000030.mp4,skidding
-S__dddErsw_000110.mp4,"railroad car, train wagon"
-lShivzYjGQ_000041.mp4,people marching
-LeUWYpsQaA_000003.mp4,people babbling
-3YWuPXHknk_000030.mp4,car engine starting
-J4yrwZkBbM_000022.mp4,spraying water
-lJctvybAJ8_000030.mp4,playing vibraphone
-0gYWIOfqdM_000046.mp4,playing glockenspiel
-ROt2go3ALY_000010.mp4,lawn mowing
-dG2kKcIUKY_000004.mp4,"engine accelerating, revving, vroom"
-JNQvOgTaG0_000040.mp4,sharpen knife
-Lv13WPa4xk_000170.mp4,airplane flyby
-KQ1cod63Y0_000002.mp4,people marching
-VRxLSXcnSw_000123.mp4,wood thrush calling
-Gq9GTPeFow_000009.mp4,car engine knocking
-ZkH4lC2CM0_000065.mp4,eating with cutlery
-0pDdvzuFHg_000142.mp4,bowling impact
-hq-VmUz8ls_000039.mp4,"cattle, bovinae cowbell"
-6GyeudnUNw_000211.mp4,playing electric guitar
-PYr_EY1lss_000201.mp4,machine gun shooting
-fWE_uF89cY_000030.mp4,playing acoustic guitar
-UBVqmhbT50_000030.mp4,dog howling
-0VKonoRviE_000209.mp4,church bell ringing
-XKG_EPSzQY_000010.mp4,playing bass drum
-BlHH8Gi9hc_000000.mp4,playing saxophone
-78SgLvt7_k_000030.mp4,sheep bleating
--i-y1v8Hy8_000000.mp4,female singing
-Ns61v6GYts_000024.mp4,woodpecker pecking tree
-YwZOeyAQC8_000070.mp4,baby laughter
-AcqQaMksYc_000008.mp4,fire truck siren
-VpGfabq0Ec_000009.mp4,car passing by
-FKrYTj_eCU_000000.mp4,people screaming
-7lb449Bwks_000030.mp4,playing bass guitar
-5VoaeTlokE_000250.mp4,yodelling
-Kkr9VMiAvs_000030.mp4,playing bass guitar
-Q2vef--Blw_000100.mp4,"subway, metro, underground"
-jxHrTA4Bx8_000053.mp4,blowtorch igniting
-LITfve3SnU_000020.mp4,lions growling
-9o-xTvC-VE_000022.mp4,gibbon howling
-39sHTky_6o_000000.mp4,playing ukulele
-NZ0zMSTEP0_000155.mp4,playing sitar
-UVOFRthq_c_000030.mp4,playing flute
-LQuCzisPK0_000040.mp4,playing banjo
-ZX5SJ6u2zw_000004.mp4,magpie calling
-TOgfy_WKNM_000001.mp4,popping popcorn
-LbwHG1fr3Q_000000.mp4,pheasant crowing
-bkkvIVZx5c_000123.mp4,"ice cream truck, ice cream van"
-IsEtnaUQW0_000000.mp4,skidding
-MEVa0-GS_E_000030.mp4,"engine accelerating, revving, vroom"
-2LHurwr5CQ_000045.mp4,"subway, metro, underground"
-ZMFcjRLFeQ_000030.mp4,playing electric guitar
-btIdbyhNGM_000210.mp4,playing cello
-PiDqnWd49k_000102.mp4,missile launch
-ZuyYHzG7Sc_000249.mp4,people slurping
-Ha8-q4iApM_000166.mp4,sharpen knife
-dvJ2G23Dc0_000029.mp4,mouse clicking
-B1c0DP2xUc_000030.mp4,singing choir
-WLJlIuYizs_000044.mp4,"bee, wasp, etc. buzzing"
-ZwsK36BzcY_000013.mp4,people whistling
-E8XmCE3MWQ_000030.mp4,"male speech, man speaking"
-A0iftflme4_000077.mp4,rapping
-ZVxU_p-J38_000038.mp4,goose honking
-E35OMfL4A4_000001.mp4,mouse squeaking
-GASA6uVXiM_000407.mp4,sharpen knife
-FITRqeXl9Q_000508.mp4,cat purring
-apL66NoarA_000127.mp4,striking pool
-2jWRtFugLs_000000.mp4,sea waves
-F3pHLvSRqo_000043.mp4,cattle mooing
-ZtoRdOElFs_000005.mp4,playing badminton
-2JAK9CdWvY_000435.mp4,slot machine
-a5i-QtMzok_000030.mp4,playing saxophone
-c0Rx34zuh0_000091.mp4,playing didgeridoo
-hZpf-wTuG0_000030.mp4,people whispering
-8KFpJHyspw_000608.mp4,squishing water
-_QPd-VskKY_000030.mp4,mouse squeaking
-1XBP-nZ1bQ_000090.mp4,playing acoustic guitar
-HMmNXcZe1I_000053.mp4,"bird chirping, tweeting"
-0HxntVOLW4_000508.mp4,"playing steel guitar, slide guitar"
-WNe5HVKJm4_000049.mp4,playing snare drum
-_iPl2Au1eU_000030.mp4,"male speech, man speaking"
-ktcAshzoec_000100.mp4,cat purring
-jpvGQmpnLQ_000014.mp4,coyote howling
-Vo4CAMX26U_000030.mp4,playing didgeridoo
-5ndpuzXZWA_000030.mp4,people babbling
-BQL9LLQEqw_000037.mp4,playing cornet
-dD8TEWUE0U_000008.mp4,playing ukulele
-b42018ceoE_000078.mp4,striking pool
-d6AbRPotBQ_000097.mp4,airplane flyby
-Jju2T8rxNE_000355.mp4,striking pool
-MteafYyN-o_000030.mp4,playing electric guitar
-knCgTvPqXk_000012.mp4,basketball bounce
-_tfhYzNlH0_000080.mp4,cattle mooing
-LmSy9cDMXY_000030.mp4,"pigeon, dove cooing"
-ORKAZ2g_Ew_000026.mp4,"heart sounds, heartbeat"
-HQQ0rjBlwI_000074.mp4,firing muskets
-GpKqk_i0JU_000030.mp4,"motorboat, speedboat acceleration"
-7tYmeOmsRg_000058.mp4,people eating crisps
-9EKPvQSH9U_000249.mp4,driving snowmobile
-2qJQqXbtZs_000042.mp4,vacuum cleaner cleaning floors
-d_pQ3DyzHg_000034.mp4,"bee, wasp, etc. buzzing"
-AvTGh7DiLI_000052.mp4,bird squawking
-aUbQi149eE_000080.mp4,"bird chirping, tweeting"
-91lUg0_Gl8_000151.mp4,horse clip-clop
-AWQf-Q8j2k_000030.mp4,"female speech, woman speaking"
-1LGZONdjkY_000022.mp4,playing trumpet
-aMHwbGIJzg_000010.mp4,chainsawing trees
-Vu8x7fsYRk_000030.mp4,playing banjo
-NqBTK7nqUs_000011.mp4,frog croaking
-_umX4zgLVY_000028.mp4,lions growling
-hBxP2bZq_8_000000.mp4,playing acoustic guitar
-en-yFsmIO8_000370.mp4,helicopter
-2sOH8XovEE_000484.mp4,playing table tennis
-XTdxysGplA_000000.mp4,hammering nails
-Tffs838qbA_000263.mp4,people eating noodle
-L0DKsfBHFk_000000.mp4,people babbling
-4pUrlMafww_000001.mp4,people screaming
-HyUH30KfyE_000020.mp4,people belly laughing
-AdWXq6teXg_000030.mp4,horse clip-clop
-WfQBr42ymw_000030.mp4,people screaming
-jDOhnUVwug_000012.mp4,snake hissing
-5o4C4ZtHSU_000030.mp4,police car (siren)
-fAAK0qSDP0_000030.mp4,playing electric guitar
-2TjevpJuAs_000030.mp4,playing acoustic guitar
-QtwyGv7CUQ_000030.mp4,opening or closing drawers
-QxWJR2jXD0_000034.mp4,playing oboe
-471M-E0YHg_000376.mp4,tractor digging
-7R0ybQQAHg_000060.mp4,people screaming
-Hti5s8LP9A_000030.mp4,playing acoustic guitar
-YX_rSjCexE_000493.mp4,people eating noodle
-70tewjjQKc_000030.mp4,playing accordion
-9DP8x__enM_000030.mp4,dog bow-wow
-hJz7bcpY4g_000080.mp4,playing harp
-V-c__N8ByM_000010.mp4,train wheels squealing
-S-TDT5oq0Q_000290.mp4,cattle mooing
-cOAWp1vWHU_000030.mp4,"female speech, woman speaking"
-7fmTe_u85c_000001.mp4,"cattle, bovinae cowbell"
-2LovF10IwM_000179.mp4,ice cracking
-UtMMTiDFCA_000030.mp4,"rowboat, canoe, kayak rowing"
-D0f4exnx9M_000005.mp4,playing harmonica
-VLOm8cJZRI_000070.mp4,eating with cutlery
-ANEfdF_vzE_000133.mp4,"cattle, bovinae cowbell"
-gtGMV1jQNc_000030.mp4,playing flute
-03N_1zOM4E_000239.mp4,playing table tennis
-AeiYb4vDK0_000340.mp4,people eating
-Tp-AspPvmg_000538.mp4,people booing
-Fca00UwCy0_000049.mp4,machine gun shooting
-imxEJwVaKo_000066.mp4,slot machine
-BN7lOMmnfE_000030.mp4,male singing
-XUb2wq5U7E_000228.mp4,machine gun shooting
-eEZX4WFrcI_000030.mp4,chainsawing trees
-ZWnsmY--wM_000501.mp4,"subway, metro, underground"
-HNovkiEoMs_000030.mp4,playing harp
-QNvgodhSQs_000030.mp4,waterfall burbling
-fB-3p69rjs_000030.mp4,ocean burbling
-0ZYW2yXKp8_000032.mp4,bird wings flapping
-4CtdVLzUHM_000020.mp4,playing double bass
-Q3MX7Tgx_E_000111.mp4,cat hissing
-39sHTky_6o_000125.mp4,playing ukulele
-d3i0xDMWWE_000370.mp4,playing trombone
-aiMjUX6eb8_000139.mp4,rope skipping
-ZjaNVZ1py8_000007.mp4,playing flute
-PcAYHiyyVo_000286.mp4,arc welding
-Nt1irryFtQ_000085.mp4,chipmunk chirping
-DrBMUxE9eM_000072.mp4,people screaming
-Sn0rMoBjzM_000073.mp4,splashing water
-K1BRF6qng8_000030.mp4,female singing
-RplHnI7iqI_000160.mp4,police radio chatter
-SEYr0hQImc_000072.mp4,dinosaurs bellowing
-WR-dcMFrGc_000035.mp4,dog baying
-6c4gcyhjBA_000005.mp4,"motorboat, speedboat acceleration"
-LMCI_EBJvc_000000.mp4,playing harmonica
-SKnbdKeajU_000007.mp4,lawn mowing
-AIR0POFOCk_000070.mp4,playing saxophone
-DJBhehSljQ_000084.mp4,"playing steel guitar, slide guitar"
-8lGZavlNro_000030.mp4,"motorboat, speedboat acceleration"
-QX74tUXv0g_000026.mp4,"subway, metro, underground"
-9gHIl4C2XM_000187.mp4,woodpecker pecking tree
-E0shPRxAbo_000001.mp4,train whistling
-SXN997QxDc_000046.mp4,civil defense siren
-7xRJ-Osv1E_000030.mp4,female singing
-8x1OQ-JnUs_000220.mp4,"pigeon, dove cooing"
-9peZWsQHow_000006.mp4,mynah bird singing
-Qs4qdCKnbk_000293.mp4,"playing steel guitar, slide guitar"
-UjHThfWx_o_000030.mp4,lawn mowing
-RplHnI7iqI_000176.mp4,police radio chatter
-b_s4tL-z8k_000170.mp4,lions growling
-0UyIRbzhlw_000026.mp4,playing cello
-OmCcH-KgPs_000130.mp4,playing mandolin
-9vw5ZzChT0_000000.mp4,skidding
-_9NSq4U3nw_000298.mp4,playing acoustic guitar
-AVhkXHqHUM_000263.mp4,opening or closing car doors
-0LtujdJBYA_000085.mp4,playing bass drum
-2poGMEmbbk_000098.mp4,using sewing machines
-1NybDGvjoA_000036.mp4,woodpecker pecking tree
-7-qu1Ma5T4_000013.mp4,elephant trumpeting
-M-Zl_498bE_000022.mp4,raining
-dyM0zg5pM4_000030.mp4,playing bass guitar
-STtkmEp8Ao_000030.mp4,"female speech, woman speaking"
-AWooU1PDiM_000070.mp4,dog barking
-X2YkS4G4dg_000026.mp4,tap dancing
-StCx0GPObw_000030.mp4,car passing by
-60vY5Xw1qE_000030.mp4,"motorboat, speedboat acceleration"
-gZtEyguz4w_000030.mp4,"engine accelerating, revving, vroom"
-EXGVV11btY_000340.mp4,church bell ringing
-JTypcgiiDw_000132.mp4,playing french horn
-hhQWikJl5g_000027.mp4,stream burbling
-EgE1mrIuIc_000050.mp4,"vehicle horn, car horn, honking"
-RUoyECWRO4_000034.mp4,"playing marimba, xylophone"
-1C5GLtgcbY_000060.mp4,playing washboard
-frZ9ScAyZE_000110.mp4,"playing marimba, xylophone"
-2QyHTr4cJM_000016.mp4,waterfall burbling
-NromfAJyZs_000030.mp4,machine gun shooting
--TKJIv9aY4_000282.mp4,ambulance siren
-jI9ZoR74-I_000030.mp4,skidding
-ALDAj9ZcdY_000030.mp4,"child speech, kid speaking"
-8Zeh__mQWY_000660.mp4,playing ukulele
-9p9gZYPX1U_000118.mp4,dog growling
-PN3OIo-oT4_000046.mp4,ambulance siren
-AEwV5b8gEo_000030.mp4,female singing
-eUTaZUubYs_000030.mp4,door slamming
-5-8Vij75C8_000046.mp4,baby laughter
-Igq1W20Gi8_000000.mp4,people whistling
-dSGWrwYbHc_000034.mp4,dog howling
-gCqnkIUmp0_000140.mp4,people babbling
-FtiJ38WHYM_000050.mp4,stream burbling
-2xxVISlg34_000030.mp4,female singing
-ibkyQ9Y0N0_000030.mp4,playing electric guitar
-7xlDhyGX4Q_000088.mp4,gibbon howling
-AIcEOzVmnI_000019.mp4,magpie calling
-DJBhehSljQ_000052.mp4,"playing steel guitar, slide guitar"
-8OE7Vydkl4_000221.mp4,bowling impact
-ctJ8Ot7EgU_000000.mp4,cricket chirping
-7HJY3Jo3G4_000003.mp4,dog whimpering
-9EagV-gHlE_000030.mp4,child singing
-a7YZ6dQWIc_000256.mp4,scuba diving
-ZPawlysHnc_000030.mp4,"playing violin, fiddle"
-RUvAmkAcgw_000707.mp4,slot machine
-Wx7UjNi3uU_000010.mp4,playing bagpipes
-1VcGT09lUI_000126.mp4,forging swords
-MJDUbKjyHA_000039.mp4,car engine knocking
-8sMk5KeWvg_000571.mp4,playing synthesizer
-gCEB2411es_000038.mp4,yodelling
-jaY3LS3Dv0_000030.mp4,"child speech, kid speaking"
-kvCIiO039g_000129.mp4,yodelling
-jVXNEvUJss_000259.mp4,playing table tennis
-DR4c2yfNLY_000020.mp4,chicken clucking
-fPdOa99Iwg_000030.mp4,people sniggering
-SRiiIuEYgA_000030.mp4,male singing
-0m2awVIc8A_000015.mp4,police radio chatter
-dckeFP03oY_000335.mp4,black capped chickadee calling
-drpWQX4BqU_000030.mp4,people shuffling
-UvqdPUERuU_000030.mp4,playing trombone
-A3g8R9_YpM_000035.mp4,mynah bird singing
-hXw8JMu1mg_000040.mp4,people farting
-gPVxJBMQBM_000158.mp4,reversing beeps
-WyobeAiz5Y_000010.mp4,"race car, auto racing"
-GDlM4qr0ec_000092.mp4,people burping
-A0iftflme4_000044.mp4,rapping
-Gr9P8Abnlk_000110.mp4,toilet flushing
-bBaZT4tEko_000645.mp4,playing cornet
--9O4XZOge4_000030.mp4,"female speech, woman speaking"
-_E-_030mGg_000028.mp4,people slapping
-3uypzLYfSw_000000.mp4,people screaming
-aVWxd6fwWo_000030.mp4,car passing by
-iPmJbFdpaI_000010.mp4,playing badminton
-j3BI_xHNcM_000103.mp4,arc welding
-HxVr19g6HQ_000214.mp4,sliding door
-hq-VmUz8ls_000065.mp4,"cattle, bovinae cowbell"
-9GhPxGkpio_000026.mp4,driving buses
-kIDLwKgUuM_000030.mp4,female singing
-gCEB2411es_000049.mp4,yodelling
-XL3T2VUZ0k_000030.mp4,playing acoustic guitar
-NIn6i4N78k_000181.mp4,playing bongo
-dRucPKqTFc_000007.mp4,people slapping
-BlCcJuYqVA_000297.mp4,zebra braying
-RzSvIYehkg_000477.mp4,cricket chirping
-Ji1q_xJu9Y_000251.mp4,typing on typewriter
-6d7SNbycJg_000033.mp4,airplane
-0KgYgXKFXs_000030.mp4,female singing
-1oRfe0FQI8_000060.mp4,"railroad car, train wagon"
-aUJLRXkj-Y_000118.mp4,children shouting
-3mXuQ3qGdo_000035.mp4,sheep bleating
-5TlMbSgt6M_000030.mp4,"male speech, man speaking"
-Gt4rv12nkU_000030.mp4,pig oinking
-_VS7sBkRlM_000100.mp4,playing harp
-MixfkIwVwk_000230.mp4,"bee, wasp, etc. buzzing"
-3WPsuawZDE_000345.mp4,playing electronic organ
-1EeNriiRN0_000443.mp4,playing squash
-ZQFn32A7b0_000110.mp4,bowling impact
-N7agmTO-Q4_000030.mp4,playing clarinet
-Q-lmvKlMe0_000020.mp4,playing bongo
-5dtmOk-Q2Q_000060.mp4,playing piano
-ApKgZOHx3o_000185.mp4,people eating crisps
-LTEgpGQzhc_000092.mp4,people burping
-hA3ZkfDz30_000500.mp4,vacuum cleaner cleaning floors
-QWgpJAkWRM_000059.mp4,playing squash
-gpG6rf7yaM_000081.mp4,playing theremin
-inxbfozUSk_000010.mp4,skidding
-M4h78e4EOY_000030.mp4,car passing by
-eXjKuJB9ug_000053.mp4,playing harpsichord
-ewG7yBehnU_000010.mp4,singing choir
-KRoVMFW3OQ_000030.mp4,orchestra
-BUtBQDWd-o_000194.mp4,playing trombone
-18TGb1WmO8_000023.mp4,missile launch
-KosQ2rNFoA_000110.mp4,people sniggering
-81q2Ugx54Y_000022.mp4,"male speech, man speaking"
-8YTu7ZGA2w_000030.mp4,driving buses
-L-J0sOJrRo_000030.mp4,car passing by
-D4bZN69nd0_000356.mp4,playing mandolin
-B7CokGOR1s_000109.mp4,lighting firecrackers
-D8dsr8DfW8_000030.mp4,people sneezing
-K-ccLMFE5M_000245.mp4,people marching
-FgwEky-7mc_000000.mp4,firing muskets
-WLJlIuYizs_000012.mp4,"bee, wasp, etc. buzzing"
-dGkAZOk0UQ_000059.mp4,dog growling
-40nDU5Ecgg_000130.mp4,"donkey, ass braying"
-NlT-ELVWk0_000040.mp4,child singing
-L2ku2l9i5M_000020.mp4,machine gun shooting
-6lkiUAf_cQ_000030.mp4,playing banjo
-iOW_HtK5iM_000110.mp4,church bell ringing
-CD6NK7xJB4_000030.mp4,"female speech, woman speaking"
-a5cWil91Q8_000030.mp4,female singing
-RNkE6BodtY_000030.mp4,splashing water
-Tch5am2RTY_000030.mp4,playing flute
-PoXQIZDs0c_000020.mp4,cap gun shooting
-0aiCtGjNXE_000030.mp4,"motorboat, speedboat acceleration"
-2Dm0VjW8oM_000001.mp4,"pigeon, dove cooing"
-4DpBHTuc88_000075.mp4,playing glockenspiel
--8puiAGLhs_000030.mp4,car engine starting
-Kh9u-I-lXA_000002.mp4,"vehicle horn, car horn, honking"
-9p9gZYPX1U_000221.mp4,dog growling
-OIY3tRRGwg_000010.mp4,people sobbing
-4N3GjgnIQ0_000260.mp4,"subway, metro, underground"
-GymV9gkAHE_000033.mp4,train wheels squealing
-P50LAJS2NQ_000016.mp4,smoke detector beeping
-LP9auWyYe8_000030.mp4,"railroad car, train wagon"
-VcqC_zuYGg_000070.mp4,people belly laughing
-GLk6G9U09A_000030.mp4,driving buses
-8R5UEs-grg_000028.mp4,planing timber
-JTypcgiiDw_000106.mp4,playing french horn
-XU_IcknTlw_000010.mp4,chainsawing trees
-jZENGDFArw_000080.mp4,"child speech, kid speaking"
-4YxFFstS9E_000029.mp4,missile launch
-1KVzbdvkdg_000006.mp4,playing bagpipes
-IbJX_oadgs_000330.mp4,playing electric guitar
-AIyc--31Ok_000280.mp4,playing trombone
-kr4SUjnm88_000029.mp4,ambulance siren
--XInAaMS6k_000061.mp4,cap gun shooting
-lShivzYjGQ_000086.mp4,people marching
--HuBNHXu9I_000030.mp4,"male speech, man speaking"
-PiDqnWd49k_000050.mp4,missile launch
-6wRweADHxk_000018.mp4,horse neighing
-ZiYgIPLCrA_000030.mp4,lawn mowing
-3tQW7Zhl9U_000380.mp4,helicopter
-dWmutw0zmE_000349.mp4,"ice cream truck, ice cream van"
-32HIdBGdjo_000078.mp4,"vehicle horn, car horn, honking"
-VdTo7rHwQI_000110.mp4,people hiccup
-PutwwcxPOY_000030.mp4,playing electric guitar
-8jceoAMDoI_000009.mp4,playing harpsichord
-eU5l9eIJnU_000120.mp4,playing trombone
-NRx0SBMjo0_000024.mp4,pumping water
-jEqvWF6kPg_000030.mp4,playing bass drum
-Vzs7fglTx4_000234.mp4,skateboarding
-_gaZzFfzDQ_000412.mp4,airplane flyby
-euWfKCCo70_000024.mp4,cat purring
-eEwPklE5Ro_000000.mp4,chicken clucking
-3l98ZbqecQ_000903.mp4,playing tympani
-OHG7-BI0aU_000030.mp4,"pigeon, dove cooing"
-eTk4J5JTRU_000030.mp4,chainsawing trees
-BTusKdsjjA_000000.mp4,playing flute
-W6_L80DDEo_000090.mp4,"female speech, woman speaking"
-5YLszkC2Ow_000030.mp4,horse neighing
-MhRjqy2pZg_000137.mp4,cat hissing
-1Cvs1_xWW4_000000.mp4,fire truck siren
-66S6r4EjC4_000040.mp4,playing cello
-1VcGT09lUI_000208.mp4,forging swords
-BPcjlI7-R4_000030.mp4,thunder
-ejqpSWri7c_000117.mp4,bouncing on trampoline
-JdUSVmQq88_000030.mp4,female singing
-fg7Ay8UfRI_000021.mp4,volcano explosion
-4cdRRPG3Wg_000115.mp4,playing tabla
-atZkewj7GU_000030.mp4,"female speech, woman speaking"
-Oo4ZEqUHdU_000162.mp4,playing erhu
-0SIsA5l5Eg_000030.mp4,female singing
-S-5z2vYtxw_000010.mp4,driving motorcycle
-1BLaahvBSM_001048.mp4,child singing
-XbCC_UocHE_000000.mp4,ambulance siren
-Z97SP3JvyM_000030.mp4,male singing
--qEoNMshyY_000037.mp4,tap dancing
-HhLQTm8yTg_000109.mp4,playing tabla
-HZXcZIwlkQ_000134.mp4,playing cymbal
-Yn8d3VTVXg_000022.mp4,parrot talking
-QCR9wtcro8_000019.mp4,sloshing water
-OIYU0h7y2k_000223.mp4,chopping food
-WzjivbTgww_000030.mp4,male singing
-ExpACJU_rw_000721.mp4,"heart sounds, heartbeat"
-lIxnqaPGzA_000882.mp4,playing synthesizer
-NucoIuPWYc_000006.mp4,cheetah chirrup
-MGxPJLnfW0_000504.mp4,cat purring
-fqDfN1ORuM_000013.mp4,chimpanzee pant-hooting
-Sn0rMoBjzM_000029.mp4,splashing water
-9lhTURiG5A_000030.mp4,male singing
-ANxUxvGASw_000010.mp4,"subway, metro, underground"
-Sna5WJDjnw_000052.mp4,playing cymbal
--dMUrmpeqc_000030.mp4,male singing
-GAtUjgJpEA_000353.mp4,playing bass drum
-HvdQSlBI8U_000030.mp4,playing electric guitar
-NZ0zMSTEP0_000130.mp4,playing sitar
-cRBIvS8fUU_000204.mp4,playing tennis
-GWeW1rPJpM_000229.mp4,tap dancing
-OaPFu4pc00_000020.mp4,playing bass drum
-ZpfXjmTrI8_000030.mp4,"male speech, man speaking"
-d1KR2BSfHM_000065.mp4,squishing water
-eqkzAKGBZg_000030.mp4,playing drum kit
-PbMtqEwVJg_000965.mp4,lip smacking
-StHeHGyakY_000030.mp4,playing piano
-DapSUnPLLc_000041.mp4,volcano explosion
-bKm6q-eipI_000030.mp4,"male speech, man speaking"
-By_0iIghuE_000000.mp4,cat caterwauling
-XVu2GZypIY_000021.mp4,chainsawing trees
-AkrCGMWDxg_000240.mp4,train horning
-SdAy1I4yMA_000160.mp4,playing accordion
-KYjWhzJ3Mk_000005.mp4,cricket chirping
-AJ-i44WlRc_000193.mp4,people finger snapping
-OGq-n_9EYA_000000.mp4,car engine knocking
-516tRoxniU_000020.mp4,playing cello
-EaZ7EJJUl0_000050.mp4,eating with cutlery
-Uo9p-Dq1fg_000030.mp4,car passing by
-4cdRRPG3Wg_000076.mp4,playing tabla
-G5GTTzXP6g_000000.mp4,footsteps on snow
-cQf4GDK6cA_000041.mp4,playing bugle
-IVVNTOnTyQ_000490.mp4,playing trombone
-_BH-TPpLWk_000035.mp4,church bell ringing
-bZsTPn9IM4_000170.mp4,people sobbing
-HXwnBVE19E_000002.mp4,horse clip-clop
-Vk5yCREFcM_000030.mp4,playing bass guitar
-VRxLSXcnSw_000108.mp4,wood thrush calling
-hUmir8zn7I_000046.mp4,vacuum cleaner cleaning floors
-Cgve76qqEc_000029.mp4,rapping
-Nis-cumBYc_000250.mp4,"race car, auto racing"
-awIyiZCQzc_000030.mp4,playing acoustic guitar
-0BIyqJj9ZU_000030.mp4,people belly laughing
-GJ-yBIiXZ8_000120.mp4,driving motorcycle
-__L3T1Yv_4_000000.mp4,fireworks banging
--gJvz9RrfA_000013.mp4,playing bass guitar
-fC8_UodWjA_000040.mp4,toilet flushing
-YqhHDC2rZg_000208.mp4,swimming
-CZ1LIc8aos_000020.mp4,car passing by
-XrLFOaZxa0_000070.mp4,playing flute
-G5JuwEUxjM_000030.mp4,playing accordion
-YLfpt9BnCM_000311.mp4,splashing water
-kyvxRE42Rs_000200.mp4,"race car, auto racing"
-aLuigm2N2A_000200.mp4,playing clarinet
-2zHCY2q4DA_000139.mp4,eletric blender running
-VGt_MCDkp8_000066.mp4,swimming
--vpnMyh30c_000083.mp4,"subway, metro, underground"
-7uC_04a00Q_000030.mp4,cat growling
-E1Iu6YRIkc_000000.mp4,playing saxophone
-hTYVCkPSfY_000150.mp4,skidding
-IQjWad7L4w_000007.mp4,"ice cream truck, ice cream van"
-JK1_tIi0tI_000133.mp4,playing double bass
-DSNfC2EJhU_000020.mp4,toilet flushing
-lQhh4Vl2Q8_000030.mp4,playing clarinet
-WNe5HVKJm4_000032.mp4,playing snare drum
-jQRCubyDVU_000030.mp4,dog bow-wow
-bhIpeS3bgQ_000027.mp4,cat purring
-NzAwnp6qdY_000030.mp4,playing bass guitar
-NznnSyx0gU_000107.mp4,cattle mooing
-kGxLMDATu0_000002.mp4,car engine knocking
-3mXuQ3qGdo_000045.mp4,sheep bleating
-Y1HRPP7-eE_000408.mp4,strike lighter
-jkHJszVKns_000050.mp4,people hiccup
-GxNDcOTjOg_000102.mp4,basketball bounce
-5uboOrnckc_000022.mp4,people giggling
-TZtWSNT9Po_000030.mp4,"motorboat, speedboat acceleration"
-Zl_ZkDmZHE_000000.mp4,playing castanets
-hMmAnEr7bE_000210.mp4,wind noise
-8vaqkzAcxM_000021.mp4,people cheering
-OChLdShE-Y_000030.mp4,fireworks banging
-Y8XdXl19a8_000420.mp4,playing hammond organ
-3inDTr5RV0_000631.mp4,lathe spinning
-lKESICIPBA_000005.mp4,sliding door
-kSmWhs0FuQ_000026.mp4,horse clip-clop
-JtKwDMvoIk_000001.mp4,child singing
-DUbVX0TRTA_000012.mp4,"rowboat, canoe, kayak rowing"
-Mddauh3c9Y_000020.mp4,using sewing machines
-QXTK5SWOjQ_000057.mp4,black capped chickadee calling
-4ELUORuKtk_000030.mp4,playing acoustic guitar
-RBs9pPhHY8_000030.mp4,fire truck siren
-4kkGS4-qVM_000010.mp4,playing clarinet
-aJ3yKqs-6Q_000040.mp4,male singing
-j9x-d4ZqtY_000030.mp4,"playing violin, fiddle"
-cXXw4x58-4_000188.mp4,people marching
-Pulflr_zlc_000042.mp4,dog baying
-bNdPoY9lK4_000571.mp4,bowling impact
-d6AbRPotBQ_000077.mp4,airplane flyby
-Ya10J-H7H0_000096.mp4,rope skipping
-1eOkp74EGU_000287.mp4,lighting firecrackers
-dsu8i70W7w_000030.mp4,singing choir
-4lxNixEQ2A_000003.mp4,penguins braying
-AfJKhf6P3U_000030.mp4,horse clip-clop
-Q-lmvKlMe0_000008.mp4,playing bongo
-StBx31J1As_000030.mp4,playing acoustic guitar
-DrChjJRNIk_000080.mp4,"subway, metro, underground"
-Hzv2JsE2kY_000030.mp4,playing bass guitar
-3l98ZbqecQ_000299.mp4,playing tympani
-elLA6vzAig_000030.mp4,"female speech, woman speaking"
-WBvJuF2UOk_000030.mp4,playing acoustic guitar
-X-G_1Mg5Ag_000188.mp4,playing bugle
-3suCV1UqMc_000282.mp4,sharpen knife
-Jcl3FrHFCc_000119.mp4,airplane flyby
-hcQWwhO0_A_000030.mp4,"motorboat, speedboat acceleration"
-fB9HS9JLjY_000125.mp4,"electric shaver, electric razor shaving"
-OBtV-0Pvfw_000030.mp4,playing acoustic guitar
--UgnJTCTqg_000000.mp4,people battle cry
-f8x9OT0h5s_000038.mp4,missile launch
-kGxLMDATu0_000016.mp4,car engine knocking
-dckeFP03oY_000224.mp4,black capped chickadee calling
--XInAaMS6k_000072.mp4,cap gun shooting
-eeHCs9RqiU_000025.mp4,sharpen knife
-M6K3QoHh40_000030.mp4,people shuffling
-7hQNEhU6Vk_000030.mp4,playing snare drum
-5ZIlKvRDXY_000030.mp4,female singing
-YwPSwhe2jo_000030.mp4,people shuffling
-9OgcxFrqUE_000041.mp4,people eating noodle
-Q4NcG85xPo_000118.mp4,lathe spinning
-EjUpvGSXcw_000030.mp4,playing trombone
-Mspe010C24_000003.mp4,dog growling
-WnE2d9e69U_000000.mp4,cap gun shooting
-QXTK5SWOjQ_000020.mp4,black capped chickadee calling
-Hew7dKVW_w_000343.mp4,sharpen knife
-1fAlgxLC00_000003.mp4,lions growling
-hfaIvGtCIM_000170.mp4,sloshing water
-Rry0mqLHUA_000020.mp4,ocean burbling
-IBXTktoom8_000030.mp4,"bee, wasp, etc. buzzing"
-D0f4exnx9M_000000.mp4,playing harmonica
-JaUsb1_IbI_000030.mp4,raining
-cKbOLMm0yo_000000.mp4,typing on computer keyboard
-0WZoijgWto_000030.mp4,playing electric guitar
-A4WdJoJe7c_000344.mp4,male singing
-0pJqpNjft4_000267.mp4,cow lowing
-KLags1kE9o_000011.mp4,"donkey, ass braying"
-jRk9-Y_Fp0_000058.mp4,people burping
-We4pq3tsX0_000030.mp4,playing snare drum
-9OW8nLwvuY_000030.mp4,"engine accelerating, revving, vroom"
-Jj_VT1dTDI_000136.mp4,car engine starting
-B7CokGOR1s_000085.mp4,lighting firecrackers
-ZX5SJ6u2zw_000045.mp4,magpie calling
-C2DoBsyn5U_000138.mp4,people booing
-LaXovjQvDY_000008.mp4,volcano explosion
-MoVy3-y-V4_000014.mp4,blowtorch igniting
-NW2pPAToFM_000000.mp4,toilet flushing
-GzxgZnNMmY_000030.mp4,male singing
-fbOcOu0zyE_000030.mp4,"female speech, woman speaking"
--UQXuZfbFY_000059.mp4,bird wings flapping
-Ru4eM0c3qk_000270.mp4,"rowboat, canoe, kayak rowing"
--Bu2xe4OSo_000430.mp4,wind noise
-d1lAtyWGrM_000017.mp4,lions roaring
-bxu7eXtSaE_000109.mp4,lawn mowing
-FnocfLZGPc_000030.mp4,waterfall burbling
-YqhHDC2rZg_000256.mp4,swimming
-PJQTzJtcyM_000979.mp4,dinosaurs bellowing
-c0P9j5Qcmw_000070.mp4,people sniggering
-Yhj2xDO8hg_000000.mp4,chimpanzee pant-hooting
-SWaCArvQug_000021.mp4,opening or closing drawers
-Vs6S1TOpLg_000050.mp4,tapping guitar
-3lvuJ1-KsY_000070.mp4,playing clarinet
-bkSP8HRYaQ_000080.mp4,orchestra
-_Oh2h4KoDQ_000000.mp4,playing trombone
-5YpkfJk6vI_000030.mp4,playing electronic organ
-AIcEOzVmnI_000000.mp4,magpie calling
-kDesTZ4m_M_000126.mp4,canary calling
-9o-xTvC-VE_000035.mp4,gibbon howling
-J_Lm_eqp0U_000102.mp4,rope skipping
-0MDgdtkV0k_000044.mp4,police radio chatter
-i2eLYmvi0w_000002.mp4,beat boxing
-SlN4B7PpvM_000420.mp4,"female speech, woman speaking"
-h50KNMLMTQ_000030.mp4,chainsawing trees
-471M-E0YHg_000002.mp4,tractor digging
-gjL5nngqDs_000016.mp4,playing table tennis
-OQ3KFwzLCI_000288.mp4,lighting firecrackers
-bkkvIVZx5c_000064.mp4,"ice cream truck, ice cream van"
-VQWMl8qG6s_000010.mp4,"vehicle horn, car horn, honking"
-j8gJRq6f1U_000000.mp4,skidding
-Hew7dKVW_w_000235.mp4,sharpen knife
-b6XHgcTzDs_000030.mp4,"female speech, woman speaking"
-fqDfN1ORuM_000003.mp4,chimpanzee pant-hooting
-BOgoqt2eZ0_000211.mp4,playing sitar
-dqkgkCK8-E_000001.mp4,singing bowl
-1X2N5XJckw_000000.mp4,"vehicle horn, car horn, honking"
-6R3wpks5Jg_000319.mp4,playing ukulele
-3EYaEWEfRE_000030.mp4,"rowboat, canoe, kayak rowing"
-AAoQGFqftw_000120.mp4,cap gun shooting
-gAdsxNqu3U_000030.mp4,playing electronic organ
-N58QdH80nk_000030.mp4,playing synthesizer
-UKl9H9p2lI_000070.mp4,car engine starting
--UgnJTCTqg_000101.mp4,people battle cry
-agadk426xM_000021.mp4,people battle cry
-ZoTcMu13x8_000119.mp4,playing theremin
-6GQmaIFTOM_000030.mp4,playing trombone
-dKDXMiXKLo_000247.mp4,playing volleyball
-brTVDJPWrg_000070.mp4,ocean burbling
-4XHW-rTETw_000029.mp4,playing accordion
-PLaLa1Nds4_000030.mp4,playing acoustic guitar
-0yQTraiAUY_000030.mp4,"pigeon, dove cooing"
-MaDN8paAsc_000006.mp4,alarm clock ringing
-OanE09iAA4_000000.mp4,people coughing
-KLags1kE9o_000000.mp4,"donkey, ass braying"
-dSGWrwYbHc_000048.mp4,dog howling
-apMwgHRFpQ_000030.mp4,"engine accelerating, revving, vroom"
-G_2v0L4U_s_000186.mp4,playing tennis
-JQLLT8ouTs_000030.mp4,female singing
-A3g8R9_YpM_000021.mp4,mynah bird singing
-FlSh-N35M0_000030.mp4,playing piano
-KLycgLW9Zc_000026.mp4,missile launch
-k3JwPT51VI_000030.mp4,people eating
-3G6bE5PqIQ_000030.mp4,playing cymbal
-S_x0BC3jyM_000439.mp4,dog baying
-BFcExBQfAk_000030.mp4,playing acoustic guitar
-XCPq6aHhIg_000145.mp4,people battle cry
-D9C44rqExM_000150.mp4,orchestra
-MJDUbKjyHA_000002.mp4,car engine knocking
-Rl5d0Pb-Ng_000030.mp4,"female speech, woman speaking"
-eV9hw6kPRU_000030.mp4,chainsawing trees
-k7WZlfTGso_000238.mp4,fox barking
-XQGRj-iuRk_000030.mp4,cat meowing
-IgQ4BYBLhc_000000.mp4,fireworks banging
-OWOqkUTjbE_000038.mp4,playing harpsichord
-IKPAKtQKHA_000153.mp4,people screaming
-HMEhGV38GM_000216.mp4,playing congas
-3cXcRajPSc_000030.mp4,raining
-hfAbHHlj44_000030.mp4,people crowd
-9ywcjOQsFc_000045.mp4,airplane flyby
-I3iXzsmvRE_000017.mp4,gibbon howling
-aK9JKAGme0_000051.mp4,cheetah chirrup
-bhELtOBNwY_000030.mp4,playing harp
-huxOE8xiow_000030.mp4,wind rustling leaves
-S7iM3Az7wE_000030.mp4,playing flute
-03Hd0MBgQY_000000.mp4,playing piano
-jmFL0i8_ZU_000078.mp4,people marching
-f8x9OT0h5s_000025.mp4,missile launch
-c-39Bten_E_000791.mp4,playing double bass
-M7ZNV6gLo0_000310.mp4,bird squawking
-RkqD-6BPlQ_000190.mp4,playing bass guitar
-a7YZ6dQWIc_000515.mp4,scuba diving
-IvJaK7HLtQ_000030.mp4,playing sitar
-GlZ819IHfE_000012.mp4,chopping food
-igLMcvvXAg_000030.mp4,"playing violin, fiddle"
-TUZB1d9ofA_000163.mp4,airplane
-cVGxiKwF-Q_000030.mp4,female singing
-bUQ_kR-fGo_000001.mp4,ocean burbling
-BvK_XECvEY_000056.mp4,yodelling
-JHNl1BWxro_000030.mp4,playing hammond organ
-iB3a71aPew_000030.mp4,skateboarding
-B6CSHRHZSA_000070.mp4,"pigeon, dove cooing"
-PYr_EY1lss_000064.mp4,machine gun shooting
-XxzXTUaZug_000042.mp4,running electric fan
-KLycgLW9Zc_000040.mp4,missile launch
-0mLdC1zRx8_000016.mp4,playing cornet
-R2luWuFt1s_000057.mp4,striking pool
-3WPsuawZDE_000328.mp4,playing electronic organ
-UFKmMjJze4_000005.mp4,missile launch
-3RH8_aeZkk_000105.mp4,running electric fan
-gClFqWVvKg_000030.mp4,playing acoustic guitar
-G822fYaD3c_000130.mp4,people babbling
-au7F5reGTI_000140.mp4,people humming
-65qg6AidDE_000050.mp4,skiing
-lSURFHHouY_000030.mp4,"male speech, man speaking"
-DwwSHC2jLs_000102.mp4,playing double bass
-9EKPvQSH9U_000043.mp4,driving snowmobile
-26kjr5MxSI_000000.mp4,chicken clucking
-VVrt0TlG8c_000023.mp4,male singing
-bphV2LJ19k_000003.mp4,playing glockenspiel
-URzO1H3bs8_000030.mp4,sheep bleating
-Y3ceZ9fEOw_000030.mp4,car passing by
-Wd5YV97ftU_000320.mp4,skidding
-i1Evj2AlwM_000269.mp4,arc welding
-U5Worm_QYc_000028.mp4,chimpanzee pant-hooting
-hk5lLewXbg_000354.mp4,playing bass guitar
-BtGg42-ZVE_000051.mp4,roller coaster running
-jzsJuIPIyM_000030.mp4,playing cello
-HmWDdmTAE8_000124.mp4,firing cannon
-FcB1UrcL0E_000030.mp4,playing acoustic guitar
-NfBXb8lHJo_000046.mp4,planing timber
-2JalGJn_4Y_000263.mp4,train whistling
-9jpjShrNGs_000020.mp4,people sneezing
-K5FB_BO0_c_000030.mp4,playing electric guitar
-B-HOrOK4PQ_000050.mp4,lawn mowing
-UcG6yArKqg_000360.mp4,"motorboat, speedboat acceleration"
-EHk1UB4TAE_000030.mp4,female singing
-Asxv7Yv2mo_000050.mp4,"rowboat, canoe, kayak rowing"
-K232jBK8VQ_000030.mp4,car passing by
-KgS-c5lGlE_000030.mp4,"female speech, woman speaking"
-VIDhMaXaSA_000100.mp4,playing piano
-BtB4p1IT0M_000030.mp4,female singing
-6v1PqgFrDk_000183.mp4,playing table tennis
-0pDdvzuFHg_000298.mp4,bowling impact
-dIlMAAed5o_000171.mp4,dinosaurs bellowing
-gDle2Yu0GA_000032.mp4,car engine knocking
-dvfWWc5bQ8_000030.mp4,dog bow-wow
-_G4ZYD3Vb0_000000.mp4,"donkey, ass braying"
-CS4JTdytGw_000055.mp4,pig oinking
-4_Ykqfn8Fw_000030.mp4,playing harpsichord
-c-T5B20I3U_000030.mp4,male singing
-jy_M41E9Xo_000315.mp4,canary calling
-ExpACJU_rw_000708.mp4,"heart sounds, heartbeat"
-D58XABgrM8_000058.mp4,playing tabla
-JsV_9rFXB0_000030.mp4,"female speech, woman speaking"
-Iu7PYlNUyI_000119.mp4,typing on typewriter
-iOEk89HaG4_000080.mp4,using sewing machines
-V6lKFFF1-s_000030.mp4,"female speech, woman speaking"
-cCfCIFoQDY_000050.mp4,"female speech, woman speaking"
-YwZOeyAQC8_000002.mp4,baby laughter
-0X1juZHG6I_000030.mp4,toilet flushing
-Nt1irryFtQ_000126.mp4,chipmunk chirping
-QFRFmDqmpg_000077.mp4,playing steelpan
-TIHtrygFsc_000034.mp4,elephant trumpeting
-0NxpZlO348_000030.mp4,"male speech, man speaking"
-LiWj5GL3gM_000250.mp4,playing bagpipes
-1C5GLtgcbY_000030.mp4,playing washboard
-H1_pKntTx4_000030.mp4,helicopter
-c61fWj_Ir0_000030.mp4,"male speech, man speaking"
-gOiZP7fXoE_000020.mp4,people cheering
-jc0RWAooVI_000000.mp4,dog barking
-U5uDdxXmpc_000219.mp4,volcano explosion
-3ihfHTdJSI_000110.mp4,chicken crowing
-4eXuXHZw_A_000030.mp4,playing snare drum
-grB4LdQS0k_000009.mp4,duck quacking
-gLgdyK20AU_000030.mp4,male singing
-OEwKu4H1FM_000015.mp4,cat purring
-hhnpLxJsfI_000330.mp4,"child speech, kid speaking"
-d_pQ3DyzHg_000009.mp4,"bee, wasp, etc. buzzing"
-0xDlYX5LM8_000227.mp4,arc welding
-hd9jp0IPtE_000010.mp4,people burping
-ezjrq_7T5Y_000460.mp4,"child speech, kid speaking"
-SgK-t40AoY_000040.mp4,chainsawing trees
-Y9_yEJwFY8_000150.mp4,"railroad car, train wagon"
--yJcmmwiMc_000030.mp4,playing acoustic guitar
-W9fquoJjVU_000091.mp4,playing trombone
-WJkFOXOqFE_000006.mp4,playing acoustic guitar
-BpgDEXKdx4_000030.mp4,playing acoustic guitar
-WPTSNexl-c_000030.mp4,orchestra
-aAH60DpXNg_000024.mp4,playing trombone
-jOC8Eb8Il8_000030.mp4,female singing
-i-7UK5k2ws_000000.mp4,gibbon howling
-i_F2YC_y1Y_000098.mp4,playing erhu
-agadk426xM_000040.mp4,people battle cry
-_hO16o613A_000102.mp4,chipmunk chirping
-ftINb8ESP4_000080.mp4,playing french horn
-_8qzet6tns_000134.mp4,"vehicle horn, car horn, honking"
-8cgbhIR_pw_000030.mp4,playing acoustic guitar
-8ju6V8B5Oc_000040.mp4,toilet flushing
-XwtCzUaN1I_000160.mp4,playing cymbal
-7sg--aJdrc_000049.mp4,gibbon howling
-R7bj-BGEGY_000217.mp4,singing bowl
-3b9gwBYXp8_000503.mp4,chopping food
-ADdYJy-jJE_000030.mp4,male singing
-L0ZAGOuaqg_000115.mp4,firing cannon
-I95CtfMOLA_000420.mp4,sailing
-TDLthDbY5c_000296.mp4,beat boxing
-kUFdYpIHPU_000020.mp4,driving motorcycle
-C96gWRdNVM_000030.mp4,playing acoustic guitar
-iwhiiaECx8_000520.mp4,car engine starting
-6CgEzqeZFk_000169.mp4,lighting firecrackers
-3SE2nOj6d4_000030.mp4,male singing
-3fum-y9ouw_000070.mp4,people whispering
-JKEBnT-rhQ_000030.mp4,"engine accelerating, revving, vroom"
-KBGMnuFo_E_000096.mp4,playing harpsichord
-au4E_nffzk_000428.mp4,playing volleyball
-XyyXV_Urss_000003.mp4,playing clarinet
-SPa5NgtBNE_000362.mp4,playing volleyball
-aNuZAnsOKU_000190.mp4,playing vibraphone
-3rHVsIj1M8_000030.mp4,wind noise
-7YESdyyHVw_000010.mp4,"cattle, bovinae cowbell"
-fJ_Lvy_LAc_000070.mp4,child singing
-YH1Oig7K4k_000460.mp4,playing piano
-g3OCz3FxfY_000030.mp4,female singing
-R2kN-_12pc_000030.mp4,horse clip-clop
-V02Uc2J2d0_000128.mp4,sliding door
-1WK72M4xeg_000220.mp4,driving motorcycle
-VH6PhjxD3Y_000005.mp4,playing flute
-CcGuq0yoKo_000030.mp4,"female speech, woman speaking"
-XSb0qDoql0_000123.mp4,train horning
-dD8TEWUE0U_000000.mp4,playing ukulele
-7uC_04a00Q_000020.mp4,cat growling
-9OlCOVm5-o_000030.mp4,singing bowl
-RMvB_raxYw_000030.mp4,male singing
-ZMb-QiqDJY_000030.mp4,playing cello
-8SXUjNKm-4_000174.mp4,playing didgeridoo
-JoNMfuNy6o_000020.mp4,people farting
-4ano7snqlI_000030.mp4,"motorboat, speedboat acceleration"
-XUb2wq5U7E_000135.mp4,machine gun shooting
-fLg0ubGLSs_000037.mp4,playing table tennis
-4XHW-rTETw_000000.mp4,playing accordion
-hj4ZnuR6eA_000170.mp4,playing clarinet
-HtBJbsbeHo_000450.mp4,"playing marimba, xylophone"
-9df2qdbIJM_000000.mp4,people clapping
-BUtBQDWd-o_000183.mp4,playing trombone
-gXbU1fHFoc_000140.mp4,"bird chirping, tweeting"
-N_b820Xa_U_000030.mp4,playing electric guitar
-cXXw4x58-4_000298.mp4,people marching
-4pmCrSdMhg_000030.mp4,horse clip-clop
-j6DN6_SRtg_000030.mp4,"male speech, man speaking"
-U4BNk91XrA_000030.mp4,male singing
-8Qb_SMa7LA_000000.mp4,ocean burbling
-7uB0O_imb4_000030.mp4,horse clip-clop
-gng9I8Bu4Q_000030.mp4,playing electronic organ
-g1q0GVBY7Y_000038.mp4,squishing water
-405Ksmbra8_000019.mp4,chicken clucking
-ZhpoluyJao_000001.mp4,ocean burbling
-ERY2p905dE_000001.mp4,"vehicle horn, car horn, honking"
-hyTz6tIyLs_000117.mp4,missile launch
-0YaPPvFmC8_000030.mp4,male singing
-bxI3HLANw0_000016.mp4,bird squawking
-7-OBu1n4ng_000098.mp4,airplane
-fAGzY9rnaA_000030.mp4,"female speech, woman speaking"
-GbVgsMZ9U0_000211.mp4,lathe spinning
-JrBAJFx_eo_000030.mp4,male singing
-ZpUc4_zXHQ_000030.mp4,playing acoustic guitar
-fZyL5-yk1Q_000240.mp4,"rowboat, canoe, kayak rowing"
-S_x0BC3jyM_000370.mp4,dog baying
-c7BqtlAmLs_000120.mp4,"bee, wasp, etc. buzzing"
-P_5hxULpiI_000030.mp4,male singing
-MHf8CqWM9o_000210.mp4,"pigeon, dove cooing"
-Clj-vNybJs_000030.mp4,male singing
-jDOhnUVwug_000000.mp4,snake hissing
-WqFdMzjHWU_000092.mp4,sharpen knife
-jAT-49T4ZQ_000192.mp4,skiing
-kIcMJrkNKo_000058.mp4,dog whimpering
-RNbb1ZTu8Y_000030.mp4,chainsawing trees
-9peZWsQHow_000037.mp4,mynah bird singing
-4kV3ulsTJc_000440.mp4,people belly laughing
-kCjKWqVhxY_000000.mp4,cell phone buzzing
-jGeejphq3Q_000001.mp4,airplane
-5hTa-Ukd-g_000067.mp4,"electric shaver, electric razor shaving"
-T2MO0xBNwM_000026.mp4,"motorboat, speedboat acceleration"
-LWTTrdTi9A_000030.mp4,"female speech, woman speaking"
-kjeTtDDE4I_000481.mp4,owl hooting
-V_KiUM6Ioc_000030.mp4,child singing
-gPVxJBMQBM_000059.mp4,reversing beeps
-jySGqIfnko_000005.mp4,playing tambourine
-BpMHfa2Saw_000030.mp4,"playing violin, fiddle"
-PycfoL1-kA_000030.mp4,male singing
--CC5pH97q4_000033.mp4,foghorn
-RpFZoj3BzY_000103.mp4,bouncing on trampoline
-jxXv_SoNaI_000030.mp4,"playing marimba, xylophone"
-h6CjnvTz0E_000011.mp4,playing table tennis
-F_2cDPs7-4_000001.mp4,playing double bass
-0TTFAArJ9k_000030.mp4,horse clip-clop
-ZJKYGb_oII_000050.mp4,ocean burbling
-hss7xpzIVc_000030.mp4,male singing
-kxIdJwPRq8_000140.mp4,male singing
-hn5Sfg7kX0_000000.mp4,mouse pattering
-FITRqeXl9Q_000454.mp4,cat purring
-1vfxCtpdEI_000030.mp4,male singing
-T8L4SVm3u0_000001.mp4,footsteps on snow
-2xjeuKOWwQ_000120.mp4,lawn mowing
-LxT9DiHbRU_000011.mp4,playing squash
-3L1rzGAD_o_000030.mp4,playing acoustic guitar
-BaY2ollfyo_000030.mp4,playing flute
-3Q5K1PO7ag_000051.mp4,bowling impact
-PEWKIG4y8s_000030.mp4,wind noise
-0u9E3dETG0_000052.mp4,"bee, wasp, etc. buzzing"
-SLFSGPQuXc_000012.mp4,fireworks banging
-0VKonoRviE_000197.mp4,church bell ringing
-kGoHJdcdFc_000374.mp4,skiing
-d7bbwU59sM_000010.mp4,skateboarding
-ULEGnrT7DA_000043.mp4,people sneezing
-c96lccP5nc_000200.mp4,skidding
-1B4--7U1xY_000064.mp4,"vehicle horn, car horn, honking"
-ejqpSWri7c_000233.mp4,bouncing on trampoline
-kElp3dCLYY_000095.mp4,people eating crisps
-hYRFCQdbLg_000030.mp4,playing steelpan
-Uuo0G76AoI_000029.mp4,pig oinking
-ZoTcMu13x8_000172.mp4,playing theremin
-FISWhTWJhk_000137.mp4,people slapping
-R7bj-BGEGY_000425.mp4,singing bowl
-JJmkQYZA-4_000020.mp4,chicken crowing
-ZVxU_p-J38_000021.mp4,goose honking
-_doikqlNSY_000030.mp4,cat meowing
-Wsuo4VDwfE_000030.mp4,chopping wood
-gwX9V4EEZc_000030.mp4,"engine accelerating, revving, vroom"
-Cgve76qqEc_000000.mp4,rapping
-NxXwo4AR4M_000074.mp4,baltimore oriole calling
-G-o-Y4WuaU_000139.mp4,playing harmonica
-WR-dcMFrGc_000011.mp4,dog baying
-3MNphBfq_0_000030.mp4,car passing by
-5jd03ZiyDk_000007.mp4,dog growling
-cdH8aqpCHs_000090.mp4,vacuum cleaner cleaning floors
-WX0loEwkOQ_000213.mp4,typing on computer keyboard
-YTcfKZNyEI_000030.mp4,playing acoustic guitar
--veKG73Di4_000083.mp4,playing congas
-LAs_jk-2O8_000029.mp4,playing bass drum
-eGm8oWybA8_000107.mp4,train whistling
--veKG73Di4_000039.mp4,playing congas
-FJne-ZMSAA_000194.mp4,people coughing
-Lei1usDQio_000020.mp4,"bird chirping, tweeting"
-cdWYt1nhWE_000060.mp4,playing banjo
-KhcG7ajFSw_000809.mp4,strike lighter
-KQ7U3gS1wQ_000041.mp4,strike lighter
-_gaZzFfzDQ_000517.mp4,airplane flyby
-_AQaV5AAMY_000257.mp4,lathe spinning
-_9pg2ryrx4_000030.mp4,playing banjo
-h8I3cqpgnA_000085.mp4,"bee, wasp, etc. buzzing"
--Lj4Y_96f0_000120.mp4,"bee, wasp, etc. buzzing"
-7xlDhyGX4Q_000193.mp4,gibbon howling
-6HhoAY9Fbs_000030.mp4,playing acoustic guitar
-iCjnY-zbjs_000019.mp4,people burping
-5NxigJHFJg_000000.mp4,playing harp
-IZbvEO9wzU_000030.mp4,female singing
-7sg--aJdrc_000039.mp4,gibbon howling
-5F5AyQh1q0_000030.mp4,male singing
-FAVc8Nc_yg_000006.mp4,cattle mooing
-Ya10J-H7H0_000189.mp4,rope skipping
-g3EEqvvZro_000073.mp4,people slapping
-FakAjtg2uk_000025.mp4,opening or closing drawers
-UxUAolRV-g_000017.mp4,ambulance siren
-6Hc63ijGxM_000386.mp4,playing double bass
-Lv5fxNekGo_000027.mp4,playing cornet
-JY_eCKiNsM_000174.mp4,tractor digging
-ILKJyVxhBI_000617.mp4,extending ladders
-Z1ZSWDouUU_000030.mp4,"motorboat, speedboat acceleration"
-ZRub1poH_I_000051.mp4,cat meowing
-OVpSpmXVo8_000000.mp4,"rowboat, canoe, kayak rowing"
-T4GI2LT0oc_000210.mp4,playing hammond organ
-HQQ0rjBlwI_000101.mp4,firing muskets
-1iK6drewCE_000349.mp4,playing synthesizer
-5NxigJHFJg_000084.mp4,playing harp
-fJ_Lvy_LAc_000106.mp4,child singing
-bzyp1IVTXw_000030.mp4,playing electric guitar
-VPNTD1eV5c_000015.mp4,"cattle, bovinae cowbell"
-FFeLquyrFQ_000000.mp4,basketball bounce
-8TJ8Bve8Uk_000030.mp4,"playing marimba, xylophone"
-37X0bRVT0g_000122.mp4,fox barking
-2k4RLnPDbo_000333.mp4,playing clarinet
-JZTO8CDIc4_000834.mp4,cat purring
-7cMtsWTtnQ_000200.mp4,people clapping
-YOPnHIfQiA_000031.mp4,parrot talking
-NQl3o-CGwY_000098.mp4,elk bugling
-aNuyRVE25c_000088.mp4,roller coaster running
-1cRD9GzcFY_000000.mp4,air horn
-dpI6JsEyLs_000370.mp4,eating with cutlery
-j3BI_xHNcM_000162.mp4,arc welding
-OvE9npEaak_000065.mp4,playing squash
-iYdpwKQ5d0_000030.mp4,female singing
-GfpGu8BJcg_000030.mp4,playing vibraphone
-3Y4NuyZmvA_000250.mp4,"vehicle horn, car horn, honking"
-0ZYW2yXKp8_000022.mp4,bird wings flapping
-KMUiLryxhk_000030.mp4,male singing
-l9Hmg13nZI_000182.mp4,car engine idling
-5QEN0mzCGA_000015.mp4,car passing by
-Qs4qdCKnbk_000303.mp4,"playing steel guitar, slide guitar"
-cyY6EAgtr0_000420.mp4,train whistling
-NfBXb8lHJo_000414.mp4,planing timber
-bd9p3LPUzw_000102.mp4,people shuffling
-WNELSjjnJc_000450.mp4,typing on computer keyboard
-SQqZqjgXNM_000508.mp4,yodelling
-5THbQ6zQM4_000218.mp4,playing accordion
-_b8XPVfNZ8_000030.mp4,printer printing
-BlCcJuYqVA_000323.mp4,zebra braying
-8NDwhGhEk0_000006.mp4,roller coaster running
-5KPeudJyhk_000300.mp4,playing drum kit
-NcU2cIxoJU_000165.mp4,playing table tennis
-HTh0iM4TFM_000030.mp4,male singing
-8KFpJHyspw_000656.mp4,squishing water
-judncvKimM_000069.mp4,beat boxing
-iijak82s6k_000029.mp4,people burping
-_rkUIUk374_000155.mp4,driving snowmobile
-UQAmiiqVpY_000030.mp4,playing drum kit
-BDSrWLpZrE_000050.mp4,printer printing
-VKryMKMBtI_000030.mp4,people sniggering
-E3eNjI4vEc_000005.mp4,mynah bird singing
-RYQN6bHb-E_000040.mp4,basketball bounce
-T-B3nF6h3A_000000.mp4,vacuum cleaner cleaning floors
-D3xojFH4Us_000010.mp4,chicken clucking
-Jas0sv1T94_000030.mp4,playing cello
-FJne-ZMSAA_000495.mp4,people coughing
-PyXfNxnHKs_000110.mp4,eating with cutlery
-1BLaahvBSM_000266.mp4,child singing
-e0unJs_UGI_000030.mp4,"female speech, woman speaking"
-OWk1q8xH7s_000022.mp4,"playing violin, fiddle"
-LpRm08gSwA_000002.mp4,people shuffling
-M_iEmzKxB4_000030.mp4,playing electronic organ
-eZuqeYlLDo_000066.mp4,hail
-LnO0gwFvTU_000030.mp4,playing accordion
-LbB4qrpeFY_000115.mp4,ripping paper
--Aa4M484QM_000000.mp4,cricket chirping
-kTqcpxlY70_000410.mp4,playing double bass
-ZNkHRqvFmc_000005.mp4,wind rustling leaves
-GxNDcOTjOg_000146.mp4,basketball bounce
-0U3c4PN8sc_000030.mp4,car passing by
-VyLmfnIc5Q_000022.mp4,driving snowmobile
-9YohOxYZ0Q_000010.mp4,dog barking
-JTbHL7OKf0_000052.mp4,coyote howling
-Ln9HQ6lLtI_000050.mp4,cat meowing
-iF4a6f5PJ8_000000.mp4,pheasant crowing
-JMHRrms_Cg_000002.mp4,dog howling
-NrPRJYMqgA_000000.mp4,playing washboard
-6t2iefJug8_000010.mp4,playing drum kit
-JtMqnUxmjM_000030.mp4,"rowboat, canoe, kayak rowing"
-hdM5wMKo7M_000030.mp4,singing choir
-ibjrtJo9rY_000030.mp4,duck quacking
-9yf3oNuowg_000030.mp4,raining
-3viw1EWLpo_000015.mp4,baby crying
-CfhAXuBCJQ_000118.mp4,basketball bounce
-9i-cKl0Q6M_000030.mp4,male singing
-TnDYy29pRA_000030.mp4,car engine knocking
-G7eX4G5Frc_000060.mp4,skidding
-hUmir8zn7I_000063.mp4,vacuum cleaner cleaning floors
-Eh08eOvY7w_000154.mp4,yodelling
-hiRu8Sh7Tk_000030.mp4,wind noise
-4u6ax5P-o8_000004.mp4,wood thrush calling
-2k4RLnPDbo_000153.mp4,playing clarinet
-hbvBerlHmU_000006.mp4,"engine accelerating, revving, vroom"
-Mqa-jaS9SU_000010.mp4,police car (siren)
-5ddA2hIm8M_000030.mp4,car passing by
-XUtUwhOehU_000108.mp4,cricket chirping
-Lv5fxNekGo_000030.mp4,playing cornet
-0zIOEW3mM4_000026.mp4,pheasant crowing
-IilQt9YNzw_000613.mp4,scuba diving
-CexapzRAPQ_000051.mp4,ferret dooking
-f1DNyngKVY_000030.mp4,playing sitar
-QfhZrKnFyI_000060.mp4,playing table tennis
-kr2fAuZB6A_000030.mp4,people crowd
-XdqpVHyALI_000069.mp4,wood thrush calling
-d4La4GV2is_000066.mp4,shot football
-OBIK4SJiVs_000658.mp4,slot machine
-YjIMKyZsSc_000170.mp4,playing drum kit
-I-UtrFl4m8_000010.mp4,ocean burbling
-5V3sOxJSVc_000120.mp4,female singing
-MWJU5Kuyoc_000009.mp4,snake hissing
-91YNgiNXkA_000030.mp4,"male speech, man speaking"
-ZwPiL7zpi0_000450.mp4,playing french horn
-VMDgIjlALE_000010.mp4,people cheering
-Mlyn0bfTuc_000019.mp4,mouse clicking
-0vPFx-wRRI_000030.mp4,people finger snapping
-ZnwfVZ3w0w_000002.mp4,tornado roaring
-D9HD2eetiQ_000037.mp4,playing harpsichord
-kKEV9mrbK4_000030.mp4,cat meowing
-aAH60DpXNg_000013.mp4,playing trombone
-l61NKUwfCI_000085.mp4,playing snare drum
-A1eKkZVSRw_000070.mp4,cat purring
-1dApgfibc4_000000.mp4,"child speech, kid speaking"
-Yn8d3VTVXg_000012.mp4,parrot talking
-NucoIuPWYc_000020.mp4,cheetah chirrup
-c7lpU-_-V8_000030.mp4,"motorboat, speedboat acceleration"
-8S9TKWIOSc_000030.mp4,chainsawing trees
-3f9zdKh7Oc_000168.mp4,female singing
-KeQVqJESLc_000030.mp4,stream burbling
-0yRK50zyTI_000030.mp4,fire crackling
-VG70q026Bw_000030.mp4,dog bow-wow
-_ftZ-yvxCI_000089.mp4,people sniggering
-kqLcm1nTwY_000000.mp4,people sobbing
-etr03BsiO0_000040.mp4,people cheering
-40DA8RPuq0_000034.mp4,train horning
-bP8hV6qkWc_000000.mp4,playing cymbal
-IKnJa9U66I_000150.mp4,using sewing machines
-BdPW1c_3_8_000000.mp4,people sneezing
-4xWt2NNeOI_000030.mp4,playing bass guitar
-9ummbDsgFM_000030.mp4,chainsawing trees
-hh1_3cqnPA_000075.mp4,wood thrush calling
-_1nYnffOkM_000000.mp4,people battle cry
-9NoQ1XeqS8_000030.mp4,printer printing
-O0M3sqMNNI_000048.mp4,car engine starting
-IKPAKtQKHA_000252.mp4,people screaming
-_sjOcNkJns_000020.mp4,lawn mowing
-jFHr-IveOw_000030.mp4,playing acoustic guitar
-9Y076KDt2w_000080.mp4,male singing
-C34R1GEGkw_000118.mp4,playing table tennis
-2FKhYSw_zU_000099.mp4,singing choir
-_SlTgUHaYg_000019.mp4,playing bagpipes
-G_2v0L4U_s_000078.mp4,playing tennis
-Mms9VsTdQc_000030.mp4,goose honking
-6v-lqRcpgE_000030.mp4,male singing
-bEkbv9dqNo_000125.mp4,playing volleyball
-W9fquoJjVU_000145.mp4,playing trombone
-XOiPmQlXW8_000225.mp4,playing oboe
-XRd6yaBDEQ_000140.mp4,playing trumpet
-0Y5M39myZY_000030.mp4,"male speech, man speaking"
-2qJQqXbtZs_000128.mp4,vacuum cleaner cleaning floors
-VGt_MCDkp8_000054.mp4,swimming
-dPcZHYsCa0_000182.mp4,airplane flyby
-X4IN3lxjWk_000074.mp4,chainsawing trees
-0dzLw4NyrM_000596.mp4,playing didgeridoo
-klXBZvskWQ_000002.mp4,people running
-KBGMnuFo_E_000049.mp4,playing harpsichord
-8ZOwkCXR1w_000239.mp4,firing cannon
-hBbSydXvGk_000030.mp4,"ice cream truck, ice cream van"
-A7n0rFvnRs_000300.mp4,playing badminton
-2bOwXoTATM_000373.mp4,playing bagpipes
-NVmi0Uk0UY_000081.mp4,playing bassoon
-jiXiaj_WYs_000856.mp4,playing congas
-e21Kzh-dEU_000091.mp4,playing trombone
-3inDTr5RV0_000619.mp4,lathe spinning
-WZ7izjf_Nw_000025.mp4,hail
-9gHIl4C2XM_000039.mp4,woodpecker pecking tree
-jy_M41E9Xo_000379.mp4,canary calling
-QmzOJHDwH8_000030.mp4,"male speech, man speaking"
-dlj6L0wUXo_000030.mp4,people shuffling
-ZWnsmY--wM_000490.mp4,"subway, metro, underground"
-KrhXYs7-Wc_000020.mp4,"railroad car, train wagon"
-B-2EtfKVlo_000230.mp4,playing saxophone
-P6FjBPWv90_000040.mp4,singing choir
-WE1L6GAx4w_000030.mp4,playing electric guitar
-4ST8ru_k9Y_000030.mp4,"pigeon, dove cooing"
-KrulebY0Lc_000120.mp4,sailing
-WZ7izjf_Nw_000001.mp4,hail
-BZ6I5i_kW4_000000.mp4,toilet flushing
-6AWljgt55M_000509.mp4,tap dancing
-3kt0GobDIM_000070.mp4,playing accordion
-MIIsQQJO2o_000030.mp4,"bird chirping, tweeting"
-ORyFN4frM0_000085.mp4,cap gun shooting
-jSirHVQAOk_000011.mp4,scuba diving
-Etzr_L-R1E_000030.mp4,lawn mowing
-kNCc3fM7mQ_000039.mp4,playing glockenspiel
-D_UlvQUT9s_000053.mp4,beat boxing
-_rkUIUk374_000077.mp4,driving snowmobile
-euWfKCCo70_000656.mp4,cat purring
-RmBbZuxWmg_000030.mp4,playing banjo
-Glsd1Kxlvg_000030.mp4,chicken crowing
-D58XABgrM8_000000.mp4,playing tabla
-6xs8HnLo8s_000032.mp4,plastic bottle crushing
-3tuTtK-PyA_000152.mp4,playing sitar
-lXA9EUuiVQ_000030.mp4,playing acoustic guitar
-_vn-EEFmjw_000003.mp4,car engine knocking
-QSiGOQQDr4_000030.mp4,female singing
-H9TUxVr-e8_000102.mp4,"playing steel guitar, slide guitar"
-K5XHzL1nz8_000076.mp4,magpie calling
